rxn,pat,kegg
0,fig|223283.9.peg.1,PSPTO_0001
rxn00642_c,fig|223283.9.peg.1017,
rxn01633_c,fig|223283.9.peg.1017,
171,fig|223283.9.peg.1017,PSPTO_1005
rxn02201_c,fig|223283.9.peg.1052,
172,fig|223283.9.peg.1052,PSPTO_1041
173,fig|223283.9.peg.1063,PSPTO_1051
rxn01456_c,fig|223283.9.peg.1065,
174,fig|223283.9.peg.1065,PSPTO_1053
rxn00283_c,fig|223283.9.peg.108,
11,fig|223283.9.peg.108,PSPTO_0103
rxn02000_c,fig|223283.9.peg.1087,
175,fig|223283.9.peg.1087,PSPTO_1077
rxn01675_c,fig|223283.9.peg.1089,
176,fig|223283.9.peg.1089,PSPTO_1079
rxn02003_c,fig|223283.9.peg.1090,
177,fig|223283.9.peg.1090,PSPTO_1080
rxn03887_c,fig|223283.9.peg.1091,
rxn01997_c,fig|223283.9.peg.1091,
178,fig|223283.9.peg.1091,PSPTO_1081
rxn00770_c,fig|223283.9.peg.1114,
179,fig|223283.9.peg.1114,PSPTO_1104
rxn03908_c,fig|223283.9.peg.1115,
180,fig|223283.9.peg.1115,PSPTO_1105
rxn06591_c,fig|223283.9.peg.1118,
181,fig|223283.9.peg.1118,PSPTO_1108
182,fig|223283.9.peg.1122,PSPTO_1112
rxn00224_c,fig|223283.9.peg.1138,
183,fig|223283.9.peg.1138,PSPTO_1128
184,fig|223283.9.peg.1139,PSPTO_1129
rxn00836_c,fig|223283.9.peg.1142,
185,fig|223283.9.peg.1142,PSPTO_1131
186,fig|223283.9.peg.1148,PSPTO_1136
12,fig|223283.9.peg.116,PSPTO_0112
rxn00173_c,fig|223283.9.peg.1184,
rxn00670_c,fig|223283.9.peg.1184,
187,fig|223283.9.peg.1184,PSPTO_1169
rxn05289_c,fig|223283.9.peg.1195,
188,fig|223283.9.peg.1195,PSPTO_1178
189,fig|223283.9.peg.1199,PSPTO_1182
rxn00297_c,fig|223283.9.peg.1216,
190,fig|223283.9.peg.1216,PSPTO_1196
rxn05313_c,fig|223283.9.peg.122,
13,fig|223283.9.peg.122,PSPTO_0118
rxn01013_c,fig|223283.9.peg.1235,
191,fig|223283.9.peg.1235,PSPTO_1215
rxn01292_c,fig|223283.9.peg.1253,
rxn02155_c,fig|223283.9.peg.1253,
rxn00105_c,fig|223283.9.peg.1253,
rxn00559_c,fig|223283.9.peg.1253,
192,fig|223283.9.peg.1253,PSPTO_1232
rxn00638_c,fig|223283.9.peg.1264,
193,fig|223283.9.peg.1264,PSPTO_1243
194,fig|223283.9.peg.1290,PSPTO_1268
195,fig|223283.9.peg.1293,PSPTO_1271
rxn06493_c,fig|223283.9.peg.1298,
196,fig|223283.9.peg.1298,PSPTO_1276
197,fig|223283.9.peg.1299,PSPTO_1277
rxn00802_c,fig|223283.9.peg.131,
14,fig|223283.9.peg.131,PSPTO_0125
rxn01331_c,fig|223283.9.peg.1310,
rxn00781_c,fig|223283.9.peg.1310,
198,fig|223283.9.peg.1310,PSPTO_1287
rxn01477_c,fig|223283.9.peg.1311,
199,fig|223283.9.peg.1311,PSPTO_1288
rxn03884_c,fig|223283.9.peg.1324,
rxn00328_c,fig|223283.9.peg.1324,
200,fig|223283.9.peg.1324,PSPTO_1302
201,fig|223283.9.peg.1347,PSPTO_1325
202,fig|223283.9.peg.1348,PSPTO_1326
203,fig|223283.9.peg.1349,PSPTO_1327
rxn00060_c,fig|223283.9.peg.135,
15,fig|223283.9.peg.135,PSPTO_0128
rxn10113_c,fig|223283.9.peg.1350,
204,fig|223283.9.peg.1350,PSPTO_1328
rxn01575_c,fig|223283.9.peg.1354,
rxn00903_c,fig|223283.9.peg.1354,
rxn00806_c,fig|223283.9.peg.1354,
205,fig|223283.9.peg.1354,PSPTO_1332
206,fig|223283.9.peg.1357,PSPTO_1335
207,fig|223283.9.peg.1359,PSPTO_1337
rxn02264_c,fig|223283.9.peg.136,
16,fig|223283.9.peg.136,PSPTO_0129
208,fig|223283.9.peg.1360,PSPTO_1338
209,fig|223283.9.peg.1371,PSPTO_1349
210,fig|223283.9.peg.1376,PSPTO_1354
211,fig|223283.9.peg.1378,PSPTO_1356
212,fig|223283.9.peg.1383,PSPTO_1361
rxn00423_c,fig|223283.9.peg.1441,
213,fig|223283.9.peg.1441,PSPTO_1421
rxn00237_c,fig|223283.9.peg.1450,
rxn01678_c,fig|223283.9.peg.1450,
rxn01353_c,fig|223283.9.peg.1450,
rxn01512_c,fig|223283.9.peg.1450,
rxn00409_c,fig|223283.9.peg.1450,
rxn00117_c,fig|223283.9.peg.1450,
rxn00839_c,fig|223283.9.peg.1450,
214,fig|223283.9.peg.1450,PSPTO_1430
215,fig|223283.9.peg.1455,PSPTO_1435
rxn05108_c,fig|223283.9.peg.1460,
216,fig|223283.9.peg.1460,PSPTO_1440
rxn00902_c,fig|223283.9.peg.1464,
217,fig|223283.9.peg.1464,PSPTO_1444
rxn00834_c,fig|223283.9.peg.1469,
218,fig|223283.9.peg.1469,PSPTO_1449
219,fig|223283.9.peg.1473,PSPTO_1453
rxn00062_c,fig|223283.9.peg.1477,
220,fig|223283.9.peg.1477,PSPTO_1455
rxn03084_c,fig|223283.9.peg.1481,
221,fig|223283.9.peg.1481,PSPTO_1459
222,fig|223283.9.peg.1494,PSPTO_1473
223,fig|223283.9.peg.1497,PSPTO_1476
rxn01302_c,fig|223283.9.peg.1501,
224,fig|223283.9.peg.1501,PSPTO_1480
225,fig|223283.9.peg.1522,PSPTO_1501
rxn00251_c,fig|223283.9.peg.1529,
rxn00866_c,fig|223283.9.peg.1529,
226,fig|223283.9.peg.1529,PSPTO_1508
rxn00097_c,fig|223283.9.peg.1531,
rxn01127_c,fig|223283.9.peg.1531,
227,fig|223283.9.peg.1531,PSPTO_1509
rxn10209_c,fig|223283.9.peg.1543,
rxn10205_c,fig|223283.9.peg.1543,
rxn08551_c,fig|223283.9.peg.1543,
rxn10204_c,fig|223283.9.peg.1543,
rxn10206_c,fig|223283.9.peg.1543,
228,fig|223283.9.peg.1543,PSPTO_1520
rxn01973_c,fig|223283.9.peg.1546,
229,fig|223283.9.peg.1546,PSPTO_1523
rxn12641_c,fig|223283.9.peg.1558,
230,fig|223283.9.peg.1558,PSPTO_1533
231,fig|223283.9.peg.1560,PSPTO_1534
rxn01517_c,fig|223283.9.peg.1562,
rxn00119_c,fig|223283.9.peg.1562,
232,fig|223283.9.peg.1562,PSPTO_1536
rxn09345_c,fig|223283.9.peg.1564,
233,fig|223283.9.peg.1564,PSPTO_1538
rxn08308_c,fig|223283.9.peg.1565,
rxn10222_c,fig|223283.9.peg.1565,
rxn08311_c,fig|223283.9.peg.1565,
rxn10221_c,fig|223283.9.peg.1565,
rxn02405_c,fig|223283.9.peg.1565,
rxn08309_c,fig|223283.9.peg.1565,
rxn10220_c,fig|223283.9.peg.1565,
234,fig|223283.9.peg.1565,PSPTO_1539
rxn03958_c,fig|223283.9.peg.1566,
235,fig|223283.9.peg.1566,PSPTO_1540
rxn06723_c,fig|223283.9.peg.1570,
236,fig|223283.9.peg.1570,PSPTO_1544
rxn06729_c,fig|223283.9.peg.1572,
237,fig|223283.9.peg.1572,PSPTO_1546
rxn03159_c,fig|223283.9.peg.1573,
238,fig|223283.9.peg.1573,PSPTO_1547
239,fig|223283.9.peg.1575,PSPTO_1549
240,fig|223283.9.peg.1576,PSPTO_1550
241,fig|223283.9.peg.1577,PSPTO_1551
rxn00113_c,fig|223283.9.peg.1578,
rxn00412_c,fig|223283.9.peg.1578,
242,fig|223283.9.peg.1578,PSPTO_1552
rxn02331_c,fig|223283.9.peg.1579,
243,fig|223283.9.peg.1579,PSPTO_1553
rxn00459_c,fig|223283.9.peg.1580,
244,fig|223283.9.peg.1580,PSPTO_1554
rxn03907_c,fig|223283.9.peg.1582,
245,fig|223283.9.peg.1582,PSPTO_1556
rxn03910_c,fig|223283.9.peg.1586,
246,fig|223283.9.peg.1586,PSPTO_1560
rxn00717_c,fig|223283.9.peg.1626,
247,fig|223283.9.peg.1626,PSPTO_1602
17,fig|223283.9.peg.164,PSPTO_0158
rxn00474_c,fig|223283.9.peg.165,
rxn01964_c,fig|223283.9.peg.165,
18,fig|223283.9.peg.165,PSPTO_0159
rxn00416_c,fig|223283.9.peg.1657,
248,fig|223283.9.peg.1657,PSPTO_1633
249,fig|223283.9.peg.1663,PSPTO_1639
rxn05231_c,fig|223283.9.peg.1686,
rxn05233_c,fig|223283.9.peg.1686,
rxn06076_c,fig|223283.9.peg.1686,
rxn06075_c,fig|223283.9.peg.1686,
250,fig|223283.9.peg.1686,PSPTO_1661
rxn00225_c,fig|223283.9.peg.1693,
rxn00985_c,fig|223283.9.peg.1693,
251,fig|223283.9.peg.1693,PSPTO_1669
rxn00548_c,fig|223283.9.peg.1694,
rxn01187_c,fig|223283.9.peg.1694,
rxn01308_c,fig|223283.9.peg.1694,
252,fig|223283.9.peg.1694,PSPTO_1670
253,fig|223283.9.peg.1695,PSPTO_1671
rxn06023_c,fig|223283.9.peg.1700,
254,fig|223283.9.peg.1700,PSPTO_1675
rxn00649_c,fig|223283.9.peg.1718,
255,fig|223283.9.peg.1718,PSPTO_1692
256,fig|223283.9.peg.1721,PSPTO_1694
rxn00908_c,fig|223283.9.peg.1726,
rxn03005_c,fig|223283.9.peg.1726,
rxn03004_c,fig|223283.9.peg.1726,
257,fig|223283.9.peg.1726,PSPTO_1699
rxn03147_c,fig|223283.9.peg.1727,
rxn02937_c,fig|223283.9.peg.1727,
258,fig|223283.9.peg.1727,PSPTO_1700
rxn03535_c,fig|223283.9.peg.1736,
rxn05029_c,fig|223283.9.peg.1736,
259,fig|223283.9.peg.1736,PSPTO_1708
rxn11650_c,fig|223283.9.peg.1738,
260,fig|223283.9.peg.1738,PSPTO_1710
rxn05054_c,fig|223283.9.peg.1739,
261,fig|223283.9.peg.1739,PSPTO_1711
rxn01740_c,fig|223283.9.peg.174,
19,fig|223283.9.peg.174,PSPTO_0169
rxn03540_c,fig|223283.9.peg.1741,
262,fig|223283.9.peg.1741,PSPTO_1713
rxn03536_c,fig|223283.9.peg.1742,
rxn03537_c,fig|223283.9.peg.1742,
263,fig|223283.9.peg.1742,PSPTO_1714
rxn02897_c,fig|223283.9.peg.1743,
264,fig|223283.9.peg.1743,PSPTO_1715
rxn03150_c,fig|223283.9.peg.1744,
265,fig|223283.9.peg.1744,PSPTO_1716
rxn03538_c,fig|223283.9.peg.1745,
266,fig|223283.9.peg.1745,PSPTO_1717
rxn02303_c,fig|223283.9.peg.175,
20,fig|223283.9.peg.175,PSPTO_0170
rxn00799_c,fig|223283.9.peg.1758,
267,fig|223283.9.peg.1758,PSPTO_1731
rxn11946_c,fig|223283.9.peg.1769,
rxn03395_c,fig|223283.9.peg.1769,
268,fig|223283.9.peg.1769,PSPTO_1742
269,fig|223283.9.peg.1773,PSPTO_1745
rxn02914_c,fig|223283.9.peg.1775,
rxn03445_c,fig|223283.9.peg.1775,
270,fig|223283.9.peg.1775,PSPTO_1746
rxn01000_c,fig|223283.9.peg.1776,
271,fig|223283.9.peg.1776,PSPTO_1747
rxn01268_c,fig|223283.9.peg.1777,
rxn01269_c,fig|223283.9.peg.1777,
272,fig|223283.9.peg.1777,PSPTO_1748
rxn00364_c,fig|223283.9.peg.1778,
rxn01219_c,fig|223283.9.peg.1778,
273,fig|223283.9.peg.1778,PSPTO_1749
274,fig|223283.9.peg.1783,PSPTO_1754
rxn05307_c,fig|223283.9.peg.1789,
275,fig|223283.9.peg.1789,PSPTO_1760
276,fig|223283.9.peg.1801,PSPTO_1772
rxn00555_c,fig|223283.9.peg.1808,
277,fig|223283.9.peg.1808,PSPTO_1779
rxn05585_c,fig|223283.9.peg.1818,
rxn05552_c,fig|223283.9.peg.1818,
rxn05172_c,fig|223283.9.peg.1818,
rxn05512_c,fig|223283.9.peg.1818,
rxn05620_c,fig|223283.9.peg.1818,
rxn05656_c,fig|223283.9.peg.1818,
rxn05621_c,fig|223283.9.peg.1818,
278,fig|223283.9.peg.1818,PSPTO_1788
279,fig|223283.9.peg.1821,PSPTO_1791
280,fig|223283.9.peg.1826,PSPTO_1796
21,fig|223283.9.peg.184,PSPTO_0178
281,fig|223283.9.peg.1841,PSPTO_1812
282,fig|223283.9.peg.1842,PSPTO_1813
rxn03236_c,fig|223283.9.peg.1851,
283,fig|223283.9.peg.1851,PSPTO_1821
rxn02944_c,fig|223283.9.peg.1862,
284,fig|223283.9.peg.1862,PSPTO_1832
rxn03422_c,fig|223283.9.peg.1865,
285,fig|223283.9.peg.1865,PSPTO_1835
rxn02927_c,fig|223283.9.peg.1866,
286,fig|223283.9.peg.1866,PSPTO_1836
rxn02130_c,fig|223283.9.peg.1868,
rxn00291_c,fig|223283.9.peg.1868,
287,fig|223283.9.peg.1868,PSPTO_1838
rxn00541_c,fig|223283.9.peg.1870,
288,fig|223283.9.peg.1870,PSPTO_1841
289,fig|223283.9.peg.1871,PSPTO_1842
rxn00337_c,fig|223283.9.peg.1872,
290,fig|223283.9.peg.1872,PSPTO_1843
rxn06865_c,fig|223283.9.peg.188,
22,fig|223283.9.peg.188,PSPTO_0182
291,fig|223283.9.peg.1882,PSPTO_1852
292,fig|223283.9.peg.1888,PSPTO_1859
23,fig|223283.9.peg.190,PSPTO_0184
rxn05682_c,fig|223283.9.peg.1902,
rxn05527_c,fig|223283.9.peg.1902,
rxn05197_c,fig|223283.9.peg.1902,
293,fig|223283.9.peg.1902,PSPTO_1871
rxn13782_c,fig|223283.9.peg.191,
24,fig|223283.9.peg.191,PSPTO_0185
294,fig|223283.9.peg.1911,PSPTO_1881
rxn00165_c,fig|223283.9.peg.1916,
295,fig|223283.9.peg.1916,PSPTO_1886
rxn02160_c,fig|223283.9.peg.192,
rxn00549_c,fig|223283.9.peg.192,
25,fig|223283.9.peg.192,PSPTO_0186
rxn01204_c,fig|223283.9.peg.1920,
296,fig|223283.9.peg.1920,PSPTO_1890
rxn01053_c,fig|223283.9.peg.1921,
297,fig|223283.9.peg.1921,PSPTO_1891
rxn00130_c,fig|223283.9.peg.195,
26,fig|223283.9.peg.195,PSPTO_0189
rxn05063_c,fig|223283.9.peg.1960,
rxn05064_c,fig|223283.9.peg.1960,
298,fig|223283.9.peg.1960,PSPTO_1930
1,fig|223283.9.peg.2,PSPTO_0002
rxn00139_c,fig|223283.9.peg.2019,
299,fig|223283.9.peg.2019,PSPTO_1990
rxn04704_c,fig|223283.9.peg.2022,
300,fig|223283.9.peg.2022,PSPTO_1993
301,fig|223283.9.peg.2025,PSPTO_1996
rxn00973_c,fig|223283.9.peg.2047,
rxn01388_c,fig|223283.9.peg.2047,
rxn00974_c,fig|223283.9.peg.2047,
302,fig|223283.9.peg.2047,PSPTO_2016
rxn02939_c,fig|223283.9.peg.2050,
303,fig|223283.9.peg.2050,PSPTO_2019
rxn05551_c,fig|223283.9.peg.2057,
304,fig|223283.9.peg.2057,PSPTO_2026
rxn00710_c,fig|223283.9.peg.2058,
305,fig|223283.9.peg.2058,PSPTO_2028
306,fig|223283.9.peg.2065,PSPTO_2035
rxn02177_c,fig|223283.9.peg.2070,
rxn00141_c,fig|223283.9.peg.2070,
307,fig|223283.9.peg.2070,PSPTO_2039
rxn01255_c,fig|223283.9.peg.2074,
308,fig|223283.9.peg.2074,PSPTO_2043
rxn05104_c,fig|223283.9.peg.2076,
309,fig|223283.9.peg.2076,PSPTO_2045
rxn05092_c,fig|223283.9.peg.2077,
310,fig|223283.9.peg.2077,PSPTO_2046
rxn01406_c,fig|223283.9.peg.2086,
311,fig|223283.9.peg.2086,PSPTO_2055
312,fig|223283.9.peg.2098,PSPTO_2064
rxn10125_c,fig|223283.9.peg.2137,
rxn00083_c,fig|223283.9.peg.2137,
313,fig|223283.9.peg.2137,PSPTO_2106
314,fig|223283.9.peg.2138,PSPTO_2107
rxn00404_c,fig|223283.9.peg.2150,
rxn01333_c,fig|223283.9.peg.2150,
315,fig|223283.9.peg.2150,PSPTO_2119
rxn00470_c,fig|223283.9.peg.219,
rxn00313_c,fig|223283.9.peg.219,
27,fig|223283.9.peg.219,PSPTO_0209
rxn00493_c,fig|223283.9.peg.2194,
316,fig|223283.9.peg.2194,PSPTO_2163
317,fig|223283.9.peg.2197,PSPTO_2166
318,fig|223283.9.peg.2207,PSPTO_2176
rxn02429_c,fig|223283.9.peg.2208,
319,fig|223283.9.peg.2208,PSPTO_2177
rxn00783_c,fig|223283.9.peg.2209,
320,fig|223283.9.peg.2209,PSPTO_2178
rxn02173_c,fig|223283.9.peg.2210,
321,fig|223283.9.peg.2210,PSPTO_2179
322,fig|223283.9.peg.2213,PSPTO_2182
rxn00256_c,fig|223283.9.peg.2225,
323,fig|223283.9.peg.2225,PSPTO_2194
324,fig|223283.9.peg.2227,PSPTO_2195
rxn10126_c,fig|223283.9.peg.2228,
rxn08527_c,fig|223283.9.peg.2228,
rxn08528_c,fig|223283.9.peg.2228,
rxn00288_c,fig|223283.9.peg.2228,
325,fig|223283.9.peg.2228,PSPTO_2196
326,fig|223283.9.peg.2229,PSPTO_2197
327,fig|223283.9.peg.2230,PSPTO_2198
328,fig|223283.9.peg.2231,PSPTO_2199
rxn08094_c,fig|223283.9.peg.2232,
329,fig|223283.9.peg.2232,PSPTO_2200
rxn01241_c,fig|223283.9.peg.2233,
330,fig|223283.9.peg.2233,PSPTO_2201
331,fig|223283.9.peg.2234,PSPTO_2202
rxn00285_c,fig|223283.9.peg.2235,
332,fig|223283.9.peg.2235,PSPTO_2203
rxn05346_c,fig|223283.9.peg.2242,
rxn05350_c,fig|223283.9.peg.2242,
rxn05348_c,fig|223283.9.peg.2242,
333,fig|223283.9.peg.2242,PSPTO_2210
rxn00612_c,fig|223283.9.peg.2245,
334,fig|223283.9.peg.2245,PSPTO_2213
rxn05466_c,fig|223283.9.peg.227,
28,fig|223283.9.peg.227,PSPTO_0218
335,fig|223283.9.peg.2273,PSPTO_2242
rxn10168_c,fig|223283.9.peg.2274,
336,fig|223283.9.peg.2274,PSPTO_2243
337,fig|223283.9.peg.2275,PSPTO_2244
338,fig|223283.9.peg.2309,PSPTO_2275
rxn01790_c,fig|223283.9.peg.2310,
339,fig|223283.9.peg.2310,PSPTO_2276
340,fig|223283.9.peg.2311,PSPTO_2277
341,fig|223283.9.peg.2315,PSPTO_2281
342,fig|223283.9.peg.2316,PSPTO_2282
rxn00289_c,fig|223283.9.peg.2321,
343,fig|223283.9.peg.2321,PSPTO_2287
rxn02832_c,fig|223283.9.peg.2324,
344,fig|223283.9.peg.2324,PSPTO_2289
rxn00147_c,fig|223283.9.peg.2328,
345,fig|223283.9.peg.2328,PSPTO_2292
rxn01974_c,fig|223283.9.peg.233,
rxn00193_c,fig|223283.9.peg.233,
29,fig|223283.9.peg.233,PSPTO_0224
346,fig|223283.9.peg.2331,PSPTO_2295
347,fig|223283.9.peg.2336,PSPTO_2300
30,fig|223283.9.peg.234,PSPTO_0225
rxn00257_c,fig|223283.9.peg.2341,
348,fig|223283.9.peg.2341,PSPTO_2305
349,fig|223283.9.peg.2373,PSPTO_2338
rxn01192_c,fig|223283.9.peg.2374,
350,fig|223283.9.peg.2374,PSPTO_2339
rxn02369_c,fig|223283.9.peg.2376,
351,fig|223283.9.peg.2376,PSPTO_2341
352,fig|223283.9.peg.2377,PSPTO_2342
rxn01827_c,fig|223283.9.peg.2381,
353,fig|223283.9.peg.2381,PSPTO_2346
354,fig|223283.9.peg.2383,PSPTO_2348
355,fig|223283.9.peg.2397,PSPTO_2362
rxn00065_c,fig|223283.9.peg.240,
31,fig|223283.9.peg.240,PSPTO_0230
rxn04043_c,fig|223283.9.peg.2406,
rxn00772_c,fig|223283.9.peg.2406,
356,fig|223283.9.peg.2406,PSPTO_2371
rxn01545_c,fig|223283.9.peg.2408,
rxn01299_c,fig|223283.9.peg.2408,
357,fig|223283.9.peg.2408,PSPTO_2373
358,fig|223283.9.peg.2413,PSPTO_2378
359,fig|223283.9.peg.2415,PSPTO_2380
360,fig|223283.9.peg.2416,PSPTO_2381
361,fig|223283.9.peg.2417,PSPTO_2382
362,fig|223283.9.peg.2418,PSPTO_2383
363,fig|223283.9.peg.2437,PSPTO_2401
364,fig|223283.9.peg.2438,PSPTO_2402
rxn00615_c,fig|223283.9.peg.2439,
365,fig|223283.9.peg.2439,PSPTO_2403
366,fig|223283.9.peg.2445,PSPTO_2409
716,fig|223283.9.peg.2446,
717,fig|223283.9.peg.2447,
367,fig|223283.9.peg.2448,PSPTO_2411
368,fig|223283.9.peg.2464,PSPTO_2427
369,fig|223283.9.peg.2467,PSPTO_2430
370,fig|223283.9.peg.2486,PSPTO_2450
rxn00433_c,fig|223283.9.peg.2488,
371,fig|223283.9.peg.2488,PSPTO_2452
rxn00907_c,fig|223283.9.peg.2489,
rxn01211_c,fig|223283.9.peg.2489,
372,fig|223283.9.peg.2489,PSPTO_2453
rxn00247_c,fig|223283.9.peg.250,
32,fig|223283.9.peg.250,PSPTO_0239
rxn00189_c,fig|223283.9.peg.2528,
rxn00469_c,fig|223283.9.peg.2528,
373,fig|223283.9.peg.2528,PSPTO_2488
rxn05618_c,fig|223283.9.peg.2541,
374,fig|223283.9.peg.2541,PSPTO_2499
rxn01418_c,fig|223283.9.peg.2552,
375,fig|223283.9.peg.2552,PSPTO_2510
376,fig|223283.9.peg.2558,PSPTO_2517
rxn01364_c,fig|223283.9.peg.2609,
377,fig|223283.9.peg.2609,PSPTO_2568
rxn00299_c,fig|223283.9.peg.2619,
378,fig|223283.9.peg.2619,PSPTO_2578
rxn00085_c,fig|223283.9.peg.2627,
379,fig|223283.9.peg.2627,PSPTO_2585
380,fig|223283.9.peg.2629,PSPTO_2586
rxn01258_c,fig|223283.9.peg.2638,
381,fig|223283.9.peg.2638,PSPTO_2595
382,fig|223283.9.peg.2657,PSPTO_2611
33,fig|223283.9.peg.268,PSPTO_0258
rxn05150_c,fig|223283.9.peg.2683,
383,fig|223283.9.peg.2683,PSPTO_2633
rxn01830_c,fig|223283.9.peg.2687,
384,fig|223283.9.peg.2687,PSPTO_2637
34,fig|223283.9.peg.270,PSPTO_0259
714,fig|223283.9.peg.2702,
rxn00935_c,fig|223283.9.peg.2703,
rxn08900_c,fig|223283.9.peg.2703,
rxn08901_c,fig|223283.9.peg.2703,
715,fig|223283.9.peg.2703,
385,fig|223283.9.peg.2706,PSPTO_2655
rxn00509_c,fig|223283.9.peg.2711,
386,fig|223283.9.peg.2711,PSPTO_2660
387,fig|223283.9.peg.2719,PSPTO_2668
rxn00506_c,fig|223283.9.peg.2724,
rxn01851_c,fig|223283.9.peg.2724,
388,fig|223283.9.peg.2724,PSPTO_2673
rxn00149_c,fig|223283.9.peg.2732,
389,fig|223283.9.peg.2732,PSPTO_2680
390,fig|223283.9.peg.2737,PSPTO_2685
391,fig|223283.9.peg.2751,PSPTO_2697
rxn00547_c,fig|223283.9.peg.2756,
392,fig|223283.9.peg.2756,PSPTO_2701
393,fig|223283.9.peg.2757,PSPTO_2702
rxn01199_c,fig|223283.9.peg.2758,
rxn00629_c,fig|223283.9.peg.2758,
394,fig|223283.9.peg.2758,PSPTO_2703
rxn00623_c,fig|223283.9.peg.2785,
395,fig|223283.9.peg.2785,PSPTO_2730
rxn00693_c,fig|223283.9.peg.2788,
396,fig|223283.9.peg.2788,PSPTO_2732
rxn02889_c,fig|223283.9.peg.2793,
397,fig|223283.9.peg.2793,PSPTO_2736
rxn01504_c,fig|223283.9.peg.2794,
398,fig|223283.9.peg.2794,PSPTO_2737
399,fig|223283.9.peg.2795,PSPTO_2738
rxn00872_c,fig|223283.9.peg.2796,
rxn02866_c,fig|223283.9.peg.2796,
400,fig|223283.9.peg.2796,PSPTO_2739
rxn02898_c,fig|223283.9.peg.2799,
rxn00991_c,fig|223283.9.peg.2799,
401,fig|223283.9.peg.2799,PSPTO_2742
rxn01134_c,fig|223283.9.peg.2819,
402,fig|223283.9.peg.2819,PSPTO_2761
rxn08954_c,fig|223283.9.peg.2825,
403,fig|223283.9.peg.2825,PSPTO_2767
404,fig|223283.9.peg.2836,PSPTO_2778
35,fig|223283.9.peg.285,PSPTO_0272
rxn10474_c,fig|223283.9.peg.2856,
405,fig|223283.9.peg.2856,PSPTO_2798
rxn01297_c,fig|223283.9.peg.2923,
rxn01522_c,fig|223283.9.peg.2923,
406,fig|223283.9.peg.2923,PSPTO_2862
rxn01014_c,fig|223283.9.peg.2926,
407,fig|223283.9.peg.2926,PSPTO_2865
rxn00211_c,fig|223283.9.peg.2951,
408,fig|223283.9.peg.2951,PSPTO_2891
rxn00295_c,fig|223283.9.peg.2959,
rxn00214_c,fig|223283.9.peg.2959,
409,fig|223283.9.peg.2959,PSPTO_2900
410,fig|223283.9.peg.2977,PSPTO_2918
411,fig|223283.9.peg.2978,PSPTO_2919
412,fig|223283.9.peg.2979,PSPTO_2920
413,fig|223283.9.peg.2980,PSPTO_2921
rxn06672_c,fig|223283.9.peg.2981,
414,fig|223283.9.peg.2981,PSPTO_2922
415,fig|223283.9.peg.2983,PSPTO_2925
416,fig|223283.9.peg.2992,PSPTO_2934
417,fig|223283.9.peg.2993,PSPTO_2935
rxn03248_c,fig|223283.9.peg.2998,
rxn02680_c,fig|223283.9.peg.2998,
rxn02804_c,fig|223283.9.peg.2998,
rxn03243_c,fig|223283.9.peg.2998,
rxn00676_c,fig|223283.9.peg.2998,
418,fig|223283.9.peg.2998,PSPTO_2940
rxn03050_c,fig|223283.9.peg.3001,
rxn01188_c,fig|223283.9.peg.3001,
rxn03442_c,fig|223283.9.peg.3001,
rxn04732_c,fig|223283.9.peg.3001,
419,fig|223283.9.peg.3001,PSPTO_2944
420,fig|223283.9.peg.3010,PSPTO_2952
421,fig|223283.9.peg.3016,PSPTO_2957
rxn01919_c,fig|223283.9.peg.3024,
422,fig|223283.9.peg.3024,PSPTO_2965
rxn05250_c,fig|223283.9.peg.3053,
rxn05251_c,fig|223283.9.peg.3053,
rxn09450_c,fig|223283.9.peg.3053,
rxn00947_c,fig|223283.9.peg.3053,
rxn00988_c,fig|223283.9.peg.3053,
rxn05247_c,fig|223283.9.peg.3053,
rxn05252_c,fig|223283.9.peg.3053,
rxn09449_c,fig|223283.9.peg.3053,
rxn05249_c,fig|223283.9.peg.3053,
rxn09448_c,fig|223283.9.peg.3053,
rxn05736_c,fig|223283.9.peg.3053,
423,fig|223283.9.peg.3053,PSPTO_2991
424,fig|223283.9.peg.3066,PSPTO_3002
425,fig|223283.9.peg.3073,PSPTO_3009
rxn10262_c,fig|223283.9.peg.3085,
rxn10263_c,fig|223283.9.peg.3085,
rxn09111_c,fig|223283.9.peg.3085,
rxn09114_c,fig|223283.9.peg.3085,
rxn10264_c,fig|223283.9.peg.3085,
rxn09113_c,fig|223283.9.peg.3085,
rxn09110_c,fig|223283.9.peg.3085,
rxn10260_c,fig|223283.9.peg.3085,
rxn09109_c,fig|223283.9.peg.3085,
rxn10259_c,fig|223283.9.peg.3085,
rxn10261_c,fig|223283.9.peg.3085,
rxn09108_c,fig|223283.9.peg.3085,
rxn09112_c,fig|223283.9.peg.3085,
426,fig|223283.9.peg.3085,PSPTO_3022
rxn01332_c,fig|223283.9.peg.3090,
427,fig|223283.9.peg.3090,PSPTO_3027
rxn00704_c,fig|223283.9.peg.3098,
rxn03512_c,fig|223283.9.peg.3098,
428,fig|223283.9.peg.3098,PSPTO_3035
rxn01218_c,fig|223283.9.peg.3106,
rxn00913_c,fig|223283.9.peg.3106,
rxn01445_c,fig|223283.9.peg.3106,
rxn00708_c,fig|223283.9.peg.3106,
rxn00132_c,fig|223283.9.peg.3106,
rxn00363_c,fig|223283.9.peg.3106,
rxn00831_c,fig|223283.9.peg.3106,
rxn01145_c,fig|223283.9.peg.3106,
rxn01961_c,fig|223283.9.peg.3106,
rxn01507_c,fig|223283.9.peg.3106,
rxn01521_c,fig|223283.9.peg.3106,
429,fig|223283.9.peg.3106,PSPTO_3043
rxn01015_c,fig|223283.9.peg.3111,
430,fig|223283.9.peg.3111,PSPTO_3048
431,fig|223283.9.peg.3128,PSPTO_3064
36,fig|223283.9.peg.313,PSPTO_0301
rxn07449_c,fig|223283.9.peg.3172,
432,fig|223283.9.peg.3172,PSPTO_3106
rxn00086_c,fig|223283.9.peg.3178,
433,fig|223283.9.peg.3178,PSPTO_3112
rxn00213_c,fig|223283.9.peg.3179,
434,fig|223283.9.peg.3179,PSPTO_3113
rxn11040_c,fig|223283.9.peg.3188,
rxn01115_c,fig|223283.9.peg.3188,
435,fig|223283.9.peg.3188,PSPTO_3122
rxn05153_c,fig|223283.9.peg.320,
rxn05176_c,fig|223283.9.peg.320,
37,fig|223283.9.peg.320,PSPTO_0308
rxn01111_c,fig|223283.9.peg.3209,
436,fig|223283.9.peg.3209,PSPTO_3143
38,fig|223283.9.peg.321,PSPTO_0309
39,fig|223283.9.peg.322,PSPTO_0310
40,fig|223283.9.peg.323,PSPTO_0311
437,fig|223283.9.peg.3231,PSPTO_3164
438,fig|223283.9.peg.3236,PSPTO_3170
41,fig|223283.9.peg.330,PSPTO_0317
rxn04082_c,fig|223283.9.peg.3352,
439,fig|223283.9.peg.3352,PSPTO_3278
rxn00780_c,fig|223283.9.peg.3354,
rxn01102_c,fig|223283.9.peg.3354,
440,fig|223283.9.peg.3354,PSPTO_3280
rxn07845_c,fig|223283.9.peg.3360,
rxn01989_c,fig|223283.9.peg.3360,
441,fig|223283.9.peg.3360,PSPTO_3285
rxn01101_c,fig|223283.9.peg.3362,
442,fig|223283.9.peg.3362,PSPTO_3287
rxn00020_c,fig|223283.9.peg.3395,
rxn00222_c,fig|223283.9.peg.3395,
443,fig|223283.9.peg.3395,PSPTO_3318
rxn00192_c,fig|223283.9.peg.340,
42,fig|223283.9.peg.340,PSPTO_0324
rxn02122_c,fig|223283.9.peg.3401,
444,fig|223283.9.peg.3401,PSPTO_3323
rxn00646_c,fig|223283.9.peg.341,
43,fig|223283.9.peg.341,PSPTO_0325
rxn05005_c,fig|223283.9.peg.3423,
rxn05006_c,fig|223283.9.peg.3423,
445,fig|223283.9.peg.3423,PSPTO_3344
446,fig|223283.9.peg.3424,PSPTO_3345
rxn00199_c,fig|223283.9.peg.3435,
rxn01387_c,fig|223283.9.peg.3435,
447,fig|223283.9.peg.3435,PSPTO_3356
rxn00800_c,fig|223283.9.peg.3439,
rxn03136_c,fig|223283.9.peg.3439,
448,fig|223283.9.peg.3439,PSPTO_3360
rxn00336_c,fig|223283.9.peg.3444,
449,fig|223283.9.peg.3444,PSPTO_3364
450,fig|223283.9.peg.3445,PSPTO_3365
451,fig|223283.9.peg.3446,PSPTO_3366
452,fig|223283.9.peg.3447,PSPTO_3367
453,fig|223283.9.peg.3448,PSPTO_3368
rxn10122_c,fig|223283.9.peg.3449,
454,fig|223283.9.peg.3449,PSPTO_3369
455,fig|223283.9.peg.3450,PSPTO_3370
456,fig|223283.9.peg.3451,PSPTO_3371
457,fig|223283.9.peg.3452,PSPTO_3372
458,fig|223283.9.peg.3453,PSPTO_3373
459,fig|223283.9.peg.3454,PSPTO_3374
460,fig|223283.9.peg.3455,PSPTO_3375
461,fig|223283.9.peg.3456,PSPTO_3376
462,fig|223283.9.peg.3457,PSPTO_3377
rxn09310_c,fig|223283.9.peg.3519,
rxn06060_c,fig|223283.9.peg.3519,
463,fig|223283.9.peg.3519,PSPTO_3438
464,fig|223283.9.peg.3536,PSPTO_3455
rxn00290_c,fig|223283.9.peg.3537,
465,fig|223283.9.peg.3537,PSPTO_3456
44,fig|223283.9.peg.354,PSPTO_0338
466,fig|223283.9.peg.3541,PSPTO_3460
467,fig|223283.9.peg.3544,PSPTO_3463
rxn00747_c,fig|223283.9.peg.3577,
468,fig|223283.9.peg.3577,PSPTO_3493
469,fig|223283.9.peg.3599,PSPTO_3514
470,fig|223283.9.peg.3601,PSPTO_3516
rxn03239_c,fig|223283.9.peg.3602,
rxn01451_c,fig|223283.9.peg.3602,
rxn02933_c,fig|223283.9.peg.3602,
rxn03245_c,fig|223283.9.peg.3602,
rxn02911_c,fig|223283.9.peg.3602,
rxn03240_c,fig|223283.9.peg.3602,
rxn00472_c,fig|223283.9.peg.3602,
rxn02934_c,fig|223283.9.peg.3602,
rxn02167_c,fig|223283.9.peg.3602,
471,fig|223283.9.peg.3602,PSPTO_3517
45,fig|223283.9.peg.361,PSPTO_0346
472,fig|223283.9.peg.3618,PSPTO_3530
rxn01825_c,fig|223283.9.peg.3640,
473,fig|223283.9.peg.3640,PSPTO_3551
474,fig|223283.9.peg.3642,PSPTO_3553
rxn00330_c,fig|223283.9.peg.3649,
475,fig|223283.9.peg.3649,PSPTO_3559
rxn01275_c,fig|223283.9.peg.3653,
476,fig|223283.9.peg.3653,PSPTO_3564
rxn01256_c,fig|223283.9.peg.373,
46,fig|223283.9.peg.373,PSPTO_0357
477,fig|223283.9.peg.3735,PSPTO_3646
478,fig|223283.9.peg.3748,PSPTO_3658
rxn00187_c,fig|223283.9.peg.375,
47,fig|223283.9.peg.375,PSPTO_0359
479,fig|223283.9.peg.3750,PSPTO_3660
480,fig|223283.9.peg.3751,PSPTO_3661
rxn02475_c,fig|223283.9.peg.3753,
481,fig|223283.9.peg.3753,PSPTO_3663
rxn01746_c,fig|223283.9.peg.3759,
482,fig|223283.9.peg.3759,PSPTO_3668
483,fig|223283.9.peg.3786,PSPTO_3694
484,fig|223283.9.peg.3793,PSPTO_3701
485,fig|223283.9.peg.3794,PSPTO_3702
rxn05440_c,fig|223283.9.peg.3813,
rxn05444_c,fig|223283.9.peg.3813,
rxn05434_c,fig|223283.9.peg.3813,
rxn05437_c,fig|223283.9.peg.3813,
rxn05324_c,fig|223283.9.peg.3813,
rxn05435_c,fig|223283.9.peg.3813,
rxn05450_c,fig|223283.9.peg.3813,
rxn05443_c,fig|223283.9.peg.3813,
rxn05442_c,fig|223283.9.peg.3813,
rxn05436_c,fig|223283.9.peg.3813,
rxn05441_c,fig|223283.9.peg.3813,
rxn05438_c,fig|223283.9.peg.3813,
rxn05433_c,fig|223283.9.peg.3813,
rxn05439_c,fig|223283.9.peg.3813,
486,fig|223283.9.peg.3813,PSPTO_3721
487,fig|223283.9.peg.3825,PSPTO_3733
488,fig|223283.9.peg.3834,PSPTO_3742
rxn03130_c,fig|223283.9.peg.3837,
489,fig|223283.9.peg.3837,PSPTO_3745
490,fig|223283.9.peg.3846,PSPTO_3752
rxn00182_c,fig|223283.9.peg.3852,
491,fig|223283.9.peg.3852,PSPTO_3757
rxn01828_c,fig|223283.9.peg.3868,
492,fig|223283.9.peg.3868,PSPTO_3772
493,fig|223283.9.peg.3883,PSPTO_3788
rxn00077_c,fig|223283.9.peg.3888,
494,fig|223283.9.peg.3888,PSPTO_3793
rxn00737_c,fig|223283.9.peg.3903,
495,fig|223283.9.peg.3903,PSPTO_3806
rxn05957_c,fig|223283.9.peg.3907,
rxn00952_c,fig|223283.9.peg.3907,
496,fig|223283.9.peg.3907,PSPTO_3810
rxn01362_c,fig|223283.9.peg.3908,
497,fig|223283.9.peg.3908,PSPTO_3811
rxn01603_c,fig|223283.9.peg.3911,
498,fig|223283.9.peg.3911,PSPTO_3814
rxn06673_c,fig|223283.9.peg.3912,
499,fig|223283.9.peg.3912,PSPTO_3815
rxn00798_c,fig|223283.9.peg.3913,
rxn02508_c,fig|223283.9.peg.3913,
500,fig|223283.9.peg.3913,PSPTO_3816
501,fig|223283.9.peg.3923,PSPTO_3826
rxn01513_c,fig|223283.9.peg.3924,
502,fig|223283.9.peg.3924,PSPTO_3827
rxn03841_c,fig|223283.9.peg.3926,
503,fig|223283.9.peg.3926,PSPTO_3829
rxn05392_c,fig|223283.9.peg.3927,
rxn05367_c,fig|223283.9.peg.3927,
rxn05404_c,fig|223283.9.peg.3927,
rxn05400_c,fig|223283.9.peg.3927,
rxn05413_c,fig|223283.9.peg.3927,
rxn05417_c,fig|223283.9.peg.3927,
rxn05359_c,fig|223283.9.peg.3927,
rxn05371_c,fig|223283.9.peg.3927,
rxn05396_c,fig|223283.9.peg.3927,
rxn05388_c,fig|223283.9.peg.3927,
rxn05363_c,fig|223283.9.peg.3927,
rxn05349_c,fig|223283.9.peg.3927,
rxn05379_c,fig|223283.9.peg.3927,
rxn05375_c,fig|223283.9.peg.3927,
rxn05384_c,fig|223283.9.peg.3927,
504,fig|223283.9.peg.3927,PSPTO_3830
505,fig|223283.9.peg.3930,PSPTO_3833
506,fig|223283.9.peg.3932,PSPTO_3835
rxn02285_c,fig|223283.9.peg.3939,
507,fig|223283.9.peg.3939,PSPTO_3842
508,fig|223283.9.peg.3940,PSPTO_3843
rxn03181_c,fig|223283.9.peg.3942,
509,fig|223283.9.peg.3942,PSPTO_3845
510,fig|223283.9.peg.3957,PSPTO_3860
511,fig|223283.9.peg.3959,PSPTO_3862
512,fig|223283.9.peg.3969,PSPTO_3871
513,fig|223283.9.peg.3981,PSPTO_3883
2,fig|223283.9.peg.4,PSPTO_0004
rxn00126_c,fig|223283.9.peg.400,
48,fig|223283.9.peg.400,PSPTO_0383
rxn05733_c,fig|223283.9.peg.4001,
rxn00055_c,fig|223283.9.peg.4001,
514,fig|223283.9.peg.4001,PSPTO_3902
515,fig|223283.9.peg.4019,PSPTO_3920
rxn00785_c,fig|223283.9.peg.402,
rxn01200_c,fig|223283.9.peg.402,
49,fig|223283.9.peg.402,PSPTO_0385
rxn00159_c,fig|223283.9.peg.4023,
516,fig|223283.9.peg.4023,PSPTO_3924
50,fig|223283.9.peg.403,PSPTO_0386
rxn01100_c,fig|223283.9.peg.404,
51,fig|223283.9.peg.404,PSPTO_0387
517,fig|223283.9.peg.4049,PSPTO_3950
rxn02988_c,fig|223283.9.peg.4058,
518,fig|223283.9.peg.4058,PSPTO_3959
rxn00786_c,fig|223283.9.peg.407,
rxn01870_c,fig|223283.9.peg.407,
52,fig|223283.9.peg.407,PSPTO_0390
519,fig|223283.9.peg.4081,PSPTO_3981
rxn08296_c,fig|223283.9.peg.4129,
rxn10254_c,fig|223283.9.peg.4129,
rxn10256_c,fig|223283.9.peg.4129,
rxn08300_c,fig|223283.9.peg.4129,
rxn08297_c,fig|223283.9.peg.4129,
rxn10258_c,fig|223283.9.peg.4129,
rxn08299_c,fig|223283.9.peg.4129,
rxn10253_c,fig|223283.9.peg.4129,
rxn10257_c,fig|223283.9.peg.4129,
rxn08294_c,fig|223283.9.peg.4129,
rxn10255_c,fig|223283.9.peg.4129,
rxn08295_c,fig|223283.9.peg.4129,
rxn08298_c,fig|223283.9.peg.4129,
520,fig|223283.9.peg.4129,PSPTO_4026
rxn05561_c,fig|223283.9.peg.4166,
rxn05654_c,fig|223283.9.peg.4166,
rxn05605_c,fig|223283.9.peg.4166,
521,fig|223283.9.peg.4166,PSPTO_4063
522,fig|223283.9.peg.4202,PSPTO_4097
523,fig|223283.9.peg.4204,PSPTO_4098
rxn00208_c,fig|223283.9.peg.4222,
rxn00209_c,fig|223283.9.peg.4222,
524,fig|223283.9.peg.4222,PSPTO_4116
525,fig|223283.9.peg.4247,PSPTO_4137
526,fig|223283.9.peg.4248,PSPTO_4138
527,fig|223283.9.peg.4250,PSPTO_4140
rxn01672_c,fig|223283.9.peg.4254,
528,fig|223283.9.peg.4254,PSPTO_4144
529,fig|223283.9.peg.4257,PSPTO_4147
rxn01434_c,fig|223283.9.peg.4265,
530,fig|223283.9.peg.4265,PSPTO_4155
rxn01019_c,fig|223283.9.peg.4274,
531,fig|223283.9.peg.4274,PSPTO_4164
rxn05581_c,fig|223283.9.peg.4277,
532,fig|223283.9.peg.4277,PSPTO_4167
533,fig|223283.9.peg.4278,PSPTO_4168
rxn08556_c,fig|223283.9.peg.4280,
534,fig|223283.9.peg.4280,PSPTO_4170
rxn03052_c,fig|223283.9.peg.4289,
535,fig|223283.9.peg.4289,PSPTO_4179
53,fig|223283.9.peg.429,PSPTO_0410
536,fig|223283.9.peg.4293,PSPTO_4183
537,fig|223283.9.peg.4324,PSPTO_4217
rxn00262_c,fig|223283.9.peg.4332,
rxn00338_c,fig|223283.9.peg.4332,
538,fig|223283.9.peg.4332,PSPTO_4225
rxn00025_c,fig|223283.9.peg.4342,
539,fig|223283.9.peg.4342,PSPTO_4235
540,fig|223283.9.peg.4352,PSPTO_4244
541,fig|223283.9.peg.4364,PSPTO_4254
rxn02175_c,fig|223283.9.peg.437,
54,fig|223283.9.peg.437,PSPTO_0417
542,fig|223283.9.peg.4374,PSPTO_4265
55,fig|223283.9.peg.438,PSPTO_0418
rxn00763_c,fig|223283.9.peg.4396,
543,fig|223283.9.peg.4396,PSPTO_4285
544,fig|223283.9.peg.4402,PSPTO_4290
rxn11268_c,fig|223283.9.peg.4427,
rxn05312_c,fig|223283.9.peg.4427,
545,fig|223283.9.peg.4427,PSPTO_4312
rxn00148_c,fig|223283.9.peg.4450,
546,fig|223283.9.peg.4450,PSPTO_4337
547,fig|223283.9.peg.4452,PSPTO_4339
548,fig|223283.9.peg.4478,PSPTO_4363
549,fig|223283.9.peg.4509,PSPTO_4394
rxn01636_c,fig|223283.9.peg.4514,
rxn01303_c,fig|223283.9.peg.4514,
550,fig|223283.9.peg.4514,PSPTO_4399
rxn03146_c,fig|223283.9.peg.4517,
551,fig|223283.9.peg.4517,PSPTO_4402
rxn03408_c,fig|223283.9.peg.4523,
552,fig|223283.9.peg.4523,PSPTO_4408
rxn03904_c,fig|223283.9.peg.4526,
553,fig|223283.9.peg.4526,PSPTO_4411
56,fig|223283.9.peg.453,PSPTO_0433
554,fig|223283.9.peg.4540,PSPTO_4425
555,fig|223283.9.peg.4541,PSPTO_4426
556,fig|223283.9.peg.4544,PSPTO_4429
rxn00361_c,fig|223283.9.peg.4547,
557,fig|223283.9.peg.4547,PSPTO_4432
rxn02320_c,fig|223283.9.peg.4553,
558,fig|223283.9.peg.4553,PSPTO_4437
rxn00859_c,fig|223283.9.peg.4554,
559,fig|223283.9.peg.4554,PSPTO_4438
rxn00461_c,fig|223283.9.peg.4556,
560,fig|223283.9.peg.4556,PSPTO_4441
rxn00420_c,fig|223283.9.peg.456,
57,fig|223283.9.peg.456,PSPTO_0436
rxn02404_c,fig|223283.9.peg.4564,
561,fig|223283.9.peg.4564,PSPTO_4449
rxn00206_c,fig|223283.9.peg.4574,
562,fig|223283.9.peg.4574,PSPTO_4459
563,fig|223283.9.peg.4576,PSPTO_4461
564,fig|223283.9.peg.4588,PSPTO_4473
565,fig|223283.9.peg.4589,PSPTO_4474
566,fig|223283.9.peg.4590,PSPTO_4475
567,fig|223283.9.peg.4593,PSPTO_4478
568,fig|223283.9.peg.4603,PSPTO_4487
569,fig|223283.9.peg.4607,PSPTO_4491
rxn01867_c,fig|223283.9.peg.461,
58,fig|223283.9.peg.461,PSPTO_0441
570,fig|223283.9.peg.4610,PSPTO_4494
rxn01485_c,fig|223283.9.peg.4611,
571,fig|223283.9.peg.4611,PSPTO_4495
572,fig|223283.9.peg.4612,PSPTO_4496
573,fig|223283.9.peg.4617,PSPTO_4501
rxn00414_c,fig|223283.9.peg.4618,
574,fig|223283.9.peg.4618,PSPTO_4502
rxn05209_c,fig|223283.9.peg.4651,
575,fig|223283.9.peg.4651,PSPTO_4533
576,fig|223283.9.peg.4665,PSPTO_4547
rxn01634_c,fig|223283.9.peg.4667,
577,fig|223283.9.peg.4667,PSPTO_4549
578,fig|223283.9.peg.4729,PSPTO_4615
579,fig|223283.9.peg.4730,PSPTO_4616
580,fig|223283.9.peg.4747,PSPTO_4632
581,fig|223283.9.peg.4762,PSPTO_4647
582,fig|223283.9.peg.4763,PSPTO_4648
583,fig|223283.9.peg.4766,PSPTO_4651
59,fig|223283.9.peg.477,PSPTO_0458
60,fig|223283.9.peg.479,PSPTO_0460
rxn00692_c,fig|223283.9.peg.480,
61,fig|223283.9.peg.480,PSPTO_0461
584,fig|223283.9.peg.4802,PSPTO_4685
rxn00131_c,fig|223283.9.peg.4907,
585,fig|223283.9.peg.4907,PSPTO_4795
rxn02484_c,fig|223283.9.peg.4909,
586,fig|223283.9.peg.4909,PSPTO_4798
rxn02305_c,fig|223283.9.peg.4910,
587,fig|223283.9.peg.4910,PSPTO_4799
588,fig|223283.9.peg.4922,PSPTO_4812
rxn13783_c,fig|223283.9.peg.4924,
589,fig|223283.9.peg.4924,PSPTO_4814
590,fig|223283.9.peg.4940,PSPTO_4828
rxn02373_c,fig|223283.9.peg.4941,
591,fig|223283.9.peg.4941,PSPTO_4829
rxn00405_c,fig|223283.9.peg.4953,
592,fig|223283.9.peg.4953,PSPTO_4842
62,fig|223283.9.peg.497,PSPTO_0480
rxn02213_c,fig|223283.9.peg.4971,
593,fig|223283.9.peg.4971,PSPTO_4859
594,fig|223283.9.peg.4972,PSPTO_4860
595,fig|223283.9.peg.4973,PSPTO_4861
rxn00832_c,fig|223283.9.peg.4978,
rxn01639_c,fig|223283.9.peg.4978,
rxn03137_c,fig|223283.9.peg.4978,
rxn00912_c,fig|223283.9.peg.4978,
rxn00905_c,fig|223283.9.peg.4978,
596,fig|223283.9.peg.4978,PSPTO_4866
rxn02895_c,fig|223283.9.peg.4979,
597,fig|223283.9.peg.4979,PSPTO_4867
598,fig|223283.9.peg.5003,PSPTO_4890
rxn00101_c,fig|223283.9.peg.5004,
599,fig|223283.9.peg.5004,PSPTO_4891
600,fig|223283.9.peg.5007,PSPTO_4894
601,fig|223283.9.peg.5008,PSPTO_4895
602,fig|223283.9.peg.5022,PSPTO_4909
603,fig|223283.9.peg.5023,PSPTO_4910
604,fig|223283.9.peg.5024,PSPTO_4911
605,fig|223283.9.peg.5026,PSPTO_4913
rxn00012_c,fig|223283.9.peg.5034,
rxn01265_c,fig|223283.9.peg.5034,
606,fig|223283.9.peg.5034,PSPTO_4921
rxn00138_c,fig|223283.9.peg.5035,
607,fig|223283.9.peg.5035,PSPTO_4922
608,fig|223283.9.peg.5044,PSPTO_4930
609,fig|223283.9.peg.5046,PSPTO_4932
610,fig|223283.9.peg.5047,PSPTO_4933
rxn00838_c,fig|223283.9.peg.5051,
611,fig|223283.9.peg.5051,PSPTO_4937
rxn00789_c,fig|223283.9.peg.5052,
612,fig|223283.9.peg.5052,PSPTO_4938
rxn04068_c,fig|223283.9.peg.5059,
rxn03094_c,fig|223283.9.peg.5059,
613,fig|223283.9.peg.5059,PSPTO_4945
rxn09198_c,fig|223283.9.peg.5069,
rxn09202_c,fig|223283.9.peg.5069,
rxn10237_c,fig|223283.9.peg.5069,
rxn09197_c,fig|223283.9.peg.5069,
rxn10236_c,fig|223283.9.peg.5069,
rxn09201_c,fig|223283.9.peg.5069,
rxn10235_c,fig|223283.9.peg.5069,
rxn09200_c,fig|223283.9.peg.5069,
rxn10234_c,fig|223283.9.peg.5069,
rxn10233_c,fig|223283.9.peg.5069,
rxn09199_c,fig|223283.9.peg.5069,
rxn09203_c,fig|223283.9.peg.5069,
rxn10232_c,fig|223283.9.peg.5069,
rxn00921_c,fig|223283.9.peg.5069,
614,fig|223283.9.peg.5069,PSPTO_4955
63,fig|223283.9.peg.507,PSPTO_0490
615,fig|223283.9.peg.5071,PSPTO_4957
rxn00140_c,fig|223283.9.peg.5080,
616,fig|223283.9.peg.5080,PSPTO_4965
rxn08180_c,fig|223283.9.peg.511,
rxn02229_c,fig|223283.9.peg.511,
rxn02230_c,fig|223283.9.peg.511,
64,fig|223283.9.peg.511,PSPTO_0494
rxn08618_c,fig|223283.9.peg.5117,
617,fig|223283.9.peg.5117,PSPTO_5001
rxn08711_c,fig|223283.9.peg.5119,
618,fig|223283.9.peg.5119,PSPTO_5003
rxn02297_c,fig|223283.9.peg.512,
65,fig|223283.9.peg.512,PSPTO_0495
619,fig|223283.9.peg.5123,PSPTO_5005
rxn01871_c,fig|223283.9.peg.5124,
620,fig|223283.9.peg.5124,PSPTO_5006
rxn05221_c,fig|223283.9.peg.5136,
621,fig|223283.9.peg.5136,PSPTO_5016
rxn00503_c,fig|223283.9.peg.5137,
rxn00183_c,fig|223283.9.peg.5137,
622,fig|223283.9.peg.5137,PSPTO_5017
rxn00351_c,fig|223283.9.peg.5154,
623,fig|223283.9.peg.5154,PSPTO_5035
rxn00258_c,fig|223283.9.peg.5159,
rxn00678_c,fig|223283.9.peg.5159,
rxn01018_c,fig|223283.9.peg.5159,
624,fig|223283.9.peg.5159,PSPTO_5040
rxn00931_c,fig|223283.9.peg.5166,
rxn00929_c,fig|223283.9.peg.5166,
625,fig|223283.9.peg.5166,PSPTO_5047
626,fig|223283.9.peg.5169,PSPTO_5049
rxn00898_c,fig|223283.9.peg.5178,
627,fig|223283.9.peg.5178,PSPTO_5057
rxn00927_c,fig|223283.9.peg.5190,
628,fig|223283.9.peg.5190,PSPTO_5068
rxn00910_c,fig|223283.9.peg.5191,
rxn04954_c,fig|223283.9.peg.5191,
629,fig|223283.9.peg.5191,PSPTO_5069
rxn12432_c,fig|223283.9.peg.5200,
630,fig|223283.9.peg.5200,PSPTO_5079
631,fig|223283.9.peg.5201,PSPTO_5080
rxn05457_c,fig|223283.9.peg.5202,
rxn05459_c,fig|223283.9.peg.5202,
rxn05453_c,fig|223283.9.peg.5202,
rxn05358_c,fig|223283.9.peg.5202,
rxn05408_c,fig|223283.9.peg.5202,
rxn05458_c,fig|223283.9.peg.5202,
rxn05452_c,fig|223283.9.peg.5202,
rxn05465_c,fig|223283.9.peg.5202,
rxn05451_c,fig|223283.9.peg.5202,
rxn05455_c,fig|223283.9.peg.5202,
rxn05454_c,fig|223283.9.peg.5202,
rxn05456_c,fig|223283.9.peg.5202,
rxn05383_c,fig|223283.9.peg.5202,
632,fig|223283.9.peg.5202,PSPTO_5081
633,fig|223283.9.peg.5204,PSPTO_5083
634,fig|223283.9.peg.5205,PSPTO_5084
635,fig|223283.9.peg.5206,PSPTO_5085
rxn12206_c,fig|223283.9.peg.5208,
636,fig|223283.9.peg.5208,PSPTO_5087
rxn03384_c,fig|223283.9.peg.5239,
rxn02288_c,fig|223283.9.peg.5239,
637,fig|223283.9.peg.5239,PSPTO_5118
638,fig|223283.9.peg.5242,PSPTO_5121
639,fig|223283.9.peg.5243,PSPTO_5123
rxn02212_c,fig|223283.9.peg.5245,
640,fig|223283.9.peg.5245,PSPTO_5126
rxn01739_c,fig|223283.9.peg.5246,
641,fig|223283.9.peg.5246,PSPTO_5127
rxn10199_c,fig|223283.9.peg.5252,
642,fig|223283.9.peg.5252,PSPTO_5133
rxn00161_c,fig|223283.9.peg.5254,
643,fig|223283.9.peg.5254,PSPTO_5134
644,fig|223283.9.peg.5256,PSPTO_5136
645,fig|223283.9.peg.5257,PSPTO_5137
646,fig|223283.9.peg.5258,PSPTO_5138
rxn01547_c,fig|223283.9.peg.5274,
rxn02835_c,fig|223283.9.peg.5274,
rxn02834_c,fig|223283.9.peg.5274,
647,fig|223283.9.peg.5274,PSPTO_5153
648,fig|223283.9.peg.5275,PSPTO_5154
rxn05740_c,fig|223283.9.peg.5286,
649,fig|223283.9.peg.5286,PSPTO_5165
650,fig|223283.9.peg.5289,PSPTO_5168
rxn01640_c,fig|223283.9.peg.5292,
651,fig|223283.9.peg.5292,PSPTO_5171
652,fig|223283.9.peg.5295,PSPTO_5174
653,fig|223283.9.peg.5299,PSPTO_5178
654,fig|223283.9.peg.5308,PSPTO_5187
rxn05614_c,fig|223283.9.peg.5310,
rxn05219_c,fig|223283.9.peg.5310,
rxn05183_c,fig|223283.9.peg.5310,
rxn05613_c,fig|223283.9.peg.5310,
655,fig|223283.9.peg.5310,PSPTO_5189
656,fig|223283.9.peg.5337,PSPTO_5216
rxn05574_c,fig|223283.9.peg.5341,
rxn05673_c,fig|223283.9.peg.5341,
657,fig|223283.9.peg.5341,PSPTO_5219
rxn03393_c,fig|223283.9.peg.5363,
658,fig|223283.9.peg.5363,PSPTO_5241
rxn05155_c,fig|223283.9.peg.5370,
659,fig|223283.9.peg.5370,PSPTO_5248
rxn00029_c,fig|223283.9.peg.5374,
660,fig|223283.9.peg.5374,PSPTO_5251
661,fig|223283.9.peg.5383,PSPTO_5260
662,fig|223283.9.peg.5384,PSPTO_5261
663,fig|223283.9.peg.5389,PSPTO_5266
rxn02085_c,fig|223283.9.peg.5394,
664,fig|223283.9.peg.5394,PSPTO_5270
rxn00867_c,fig|223283.9.peg.5398,
rxn00495_c,fig|223283.9.peg.5398,
665,fig|223283.9.peg.5398,PSPTO_5274
666,fig|223283.9.peg.5399,PSPTO_5275
rxn01642_c,fig|223283.9.peg.5401,
667,fig|223283.9.peg.5401,PSPTO_5277
rxn00375_c,fig|223283.9.peg.5402,
668,fig|223283.9.peg.5402,PSPTO_5278
rxn10344_c,fig|223283.9.peg.5403,
rxn05516_c,fig|223283.9.peg.5403,
rxn10481_c,fig|223283.9.peg.5403,
rxn05528_c,fig|223283.9.peg.5403,
rxn10343_c,fig|223283.9.peg.5403,
669,fig|223283.9.peg.5403,PSPTO_5279
670,fig|223283.9.peg.5412,PSPTO_5286
671,fig|223283.9.peg.5414,PSPTO_5288
672,fig|223283.9.peg.5420,PSPTO_5294
rxn08796_c,fig|223283.9.peg.5425,
rxn08809_c,fig|223283.9.peg.5425,
rxn08822_c,fig|223283.9.peg.5425,
rxn08808_c,fig|223283.9.peg.5425,
673,fig|223283.9.peg.5425,PSPTO_5299
674,fig|223283.9.peg.5427,PSPTO_5301
675,fig|223283.9.peg.5428,PSPTO_5302
rxn05175_c,fig|223283.9.peg.5429,
rxn05163_c,fig|223283.9.peg.5429,
676,fig|223283.9.peg.5429,PSPTO_5303
677,fig|223283.9.peg.5435,PSPTO_5308
rxn01106_c,fig|223283.9.peg.5454,
678,fig|223283.9.peg.5454,PSPTO_5327
rxn03135_c,fig|223283.9.peg.5461,
679,fig|223283.9.peg.5461,PSPTO_5334
rxn03175_c,fig|223283.9.peg.5462,
680,fig|223283.9.peg.5462,PSPTO_5335
rxn02473_c,fig|223283.9.peg.5465,
681,fig|223283.9.peg.5465,PSPTO_5338
rxn01270_c,fig|223283.9.peg.5466,
682,fig|223283.9.peg.5466,PSPTO_5339
66,fig|223283.9.peg.547,PSPTO_0537
rxn05564_c,fig|223283.9.peg.5483,
683,fig|223283.9.peg.5483,PSPTO_5356
rxn05164_c,fig|223283.9.peg.5484,
684,fig|223283.9.peg.5484,PSPTO_5357
67,fig|223283.9.peg.549,PSPTO_0539
rxn00002_c,fig|223283.9.peg.5506,
685,fig|223283.9.peg.5506,PSPTO_5380
rxn01029_c,fig|223283.9.peg.5519,
686,fig|223283.9.peg.5519,PSPTO_5393
rxn02504_c,fig|223283.9.peg.552,
68,fig|223283.9.peg.552,PSPTO_0542
687,fig|223283.9.peg.5520,PSPTO_5394
688,fig|223283.9.peg.5522,PSPTO_5396
689,fig|223283.9.peg.5523,PSPTO_5397
rxn00137_c,fig|223283.9.peg.5527,
690,fig|223283.9.peg.5527,PSPTO_5401
69,fig|223283.9.peg.553,PSPTO_0543
rxn00095_c,fig|223283.9.peg.559,
70,fig|223283.9.peg.559,PSPTO_0549
rxn01802_c,fig|223283.9.peg.5593,
691,fig|223283.9.peg.5593,PSPTO_5461
692,fig|223283.9.peg.5597,PSPTO_5464
rxn00966_c,fig|223283.9.peg.5609,
693,fig|223283.9.peg.5609,PSPTO_5475
rxn05034_c,fig|223283.9.peg.5610,
rxn03893_c,fig|223283.9.peg.5610,
694,fig|223283.9.peg.5610,PSPTO_5476
rxn00347_c,fig|223283.9.peg.5634,
695,fig|223283.9.peg.5634,PSPTO_5499
rxn00527_c,fig|223283.9.peg.5640,
rxn00260_c,fig|223283.9.peg.5640,
696,fig|223283.9.peg.5640,PSPTO_5504
697,fig|223283.9.peg.5652,PSPTO_5516
698,fig|223283.9.peg.5655,PSPTO_5519
rxn00124_c,fig|223283.9.peg.5657,
rxn01396_c,fig|223283.9.peg.5657,
rxn01807_c,fig|223283.9.peg.5657,
699,fig|223283.9.peg.5657,PSPTO_5521
700,fig|223283.9.peg.5664,PSPTO_5528
701,fig|223283.9.peg.5676,PSPTO_5541
702,fig|223283.9.peg.5693,PSPTO_5557
703,fig|223283.9.peg.5721,PSPTO_5585
rxn03638_c,fig|223283.9.peg.5734,
rxn00293_c,fig|223283.9.peg.5734,
704,fig|223283.9.peg.5734,PSPTO_5597
705,fig|223283.9.peg.5735,PSPTO_5598
rxn10042_c,fig|223283.9.peg.5736,
706,fig|223283.9.peg.5736,PSPTO_5599
707,fig|223283.9.peg.5737,PSPTO_5600
708,fig|223283.9.peg.5738,PSPTO_5601
709,fig|223283.9.peg.5739,PSPTO_5602
710,fig|223283.9.peg.5743,PSPTO_5606
rxn01116_c,fig|223283.9.peg.575,
71,fig|223283.9.peg.575,PSPTO_0566
711,fig|223283.9.peg.5751,PSPTO_5614
712,fig|223283.9.peg.5752,PSPTO_5615
72,fig|223283.9.peg.577,PSPTO_0568
713,fig|223283.9.peg.5854,PSPTOA0032
rxn00727_c,fig|223283.9.peg.597,
rxn00726_c,fig|223283.9.peg.597,
rxn01257_c,fig|223283.9.peg.597,
73,fig|223283.9.peg.597,PSPTO_0592
rxn00790_c,fig|223283.9.peg.598,
rxn00791_c,fig|223283.9.peg.598,
74,fig|223283.9.peg.598,PSPTO_0593
rxn02507_c,fig|223283.9.peg.599,
75,fig|223283.9.peg.599,PSPTO_0594
rxn00127_c,fig|223283.9.peg.603,
76,fig|223283.9.peg.603,PSPTO_0598
rxn02465_c,fig|223283.9.peg.609,
77,fig|223283.9.peg.609,PSPTO_0604
78,fig|223283.9.peg.613,PSPTO_0609
79,fig|223283.9.peg.616,PSPTO_0610
rxn12510_c,fig|223283.9.peg.617,
80,fig|223283.9.peg.617,PSPTO_0611
81,fig|223283.9.peg.622,PSPTO_0616
82,fig|223283.9.peg.623,PSPTO_0617
83,fig|223283.9.peg.625,PSPTO_0619
rxn13784_c,fig|223283.9.peg.626,
84,fig|223283.9.peg.626,PSPTO_0620
85,fig|223283.9.peg.627,PSPTO_0621
86,fig|223283.9.peg.628,PSPTO_0622
87,fig|223283.9.peg.631,PSPTO_0625
88,fig|223283.9.peg.632,PSPTO_0626
89,fig|223283.9.peg.633,PSPTO_0627
90,fig|223283.9.peg.634,PSPTO_0628
91,fig|223283.9.peg.635,PSPTO_0629
92,fig|223283.9.peg.636,PSPTO_0630
93,fig|223283.9.peg.637,PSPTO_0631
94,fig|223283.9.peg.638,PSPTO_0632
95,fig|223283.9.peg.639,PSPTO_0633
96,fig|223283.9.peg.640,PSPTO_0634
97,fig|223283.9.peg.641,PSPTO_0635
98,fig|223283.9.peg.642,PSPTO_0636
99,fig|223283.9.peg.643,PSPTO_0637
100,fig|223283.9.peg.644,PSPTO_0638
101,fig|223283.9.peg.645,PSPTO_0639
102,fig|223283.9.peg.646,PSPTO_0640
103,fig|223283.9.peg.647,PSPTO_0641
104,fig|223283.9.peg.648,PSPTO_0642
105,fig|223283.9.peg.649,PSPTO_0643
106,fig|223283.9.peg.650,PSPTO_0644
107,fig|223283.9.peg.651,PSPTO_0645
108,fig|223283.9.peg.653,PSPTO_0647
109,fig|223283.9.peg.654,PSPTO_0648
110,fig|223283.9.peg.655,PSPTO_0649
111,fig|223283.9.peg.656,PSPTO_0650
112,fig|223283.9.peg.657,PSPTO_0651
113,fig|223283.9.peg.658,PSPTO_0652
114,fig|223283.9.peg.662,PSPTO_0656
rxn08669_c,fig|223283.9.peg.666,
115,fig|223283.9.peg.666,PSPTO_0660
116,fig|223283.9.peg.667,PSPTO_0661
rxn05158_c,fig|223283.9.peg.668,
117,fig|223283.9.peg.668,PSPTO_0662
118,fig|223283.9.peg.669,PSPTO_0663
rxn05206_c,fig|223283.9.peg.684,
119,fig|223283.9.peg.684,PSPTO_0676
120,fig|223283.9.peg.685,PSPTO_0677
121,fig|223283.9.peg.686,PSPTO_0678
rxn02474_c,fig|223283.9.peg.698,
122,fig|223283.9.peg.698,PSPTO_0690
rxn00048_c,fig|223283.9.peg.699,
123,fig|223283.9.peg.699,PSPTO_0691
rxn05040_c,fig|223283.9.peg.700,
rxn00300_c,fig|223283.9.peg.700,
124,fig|223283.9.peg.700,PSPTO_0692
rxn03080_c,fig|223283.9.peg.701,
125,fig|223283.9.peg.701,PSPTO_0693
126,fig|223283.9.peg.704,PSPTO_0696
rxn03909_c,fig|223283.9.peg.706,
127,fig|223283.9.peg.706,PSPTO_0698
rxn01213_c,fig|223283.9.peg.707,
rxn01466_c,fig|223283.9.peg.707,
128,fig|223283.9.peg.707,PSPTO_0699
rxn00566_c,fig|223283.9.peg.709,
rxn00950_c,fig|223283.9.peg.709,
129,fig|223283.9.peg.709,PSPTO_0701
rxn00001_c,fig|223283.9.peg.730,
130,fig|223283.9.peg.730,PSPTO_0722
131,fig|223283.9.peg.734,PSPTO_0726
rxn00539_c,fig|223283.9.peg.735,
132,fig|223283.9.peg.735,PSPTO_0727
133,fig|223283.9.peg.736,PSPTO_0728
134,fig|223283.9.peg.752,PSPTO_0744
135,fig|223283.9.peg.758,PSPTO_0750
rxn00242_c,fig|223283.9.peg.76,
rxn00303_c,fig|223283.9.peg.76,
3,fig|223283.9.peg.76,PSPTO_0073
rxn01137_c,fig|223283.9.peg.765,
136,fig|223283.9.peg.765,PSPTO_0757
137,fig|223283.9.peg.768,PSPTO_0760
rxn05557_c,fig|223283.9.peg.769,
138,fig|223283.9.peg.769,PSPTO_0761
139,fig|223283.9.peg.771,PSPTO_0763
140,fig|223283.9.peg.773,PSPTO_0765
rxn00239_c,fig|223283.9.peg.78,
4,fig|223283.9.peg.78,PSPTO_0075
rxn05202_c,fig|223283.9.peg.781,
141,fig|223283.9.peg.781,PSPTO_0772
rxn00656_c,fig|223283.9.peg.783,
rxn02925_c,fig|223283.9.peg.783,
142,fig|223283.9.peg.783,PSPTO_0774
rxn00501_c,fig|223283.9.peg.794,
rxn00671_c,fig|223283.9.peg.794,
143,fig|223283.9.peg.794,PSPTO_0782
rxn02791_c,fig|223283.9.peg.800,
rxn00350_c,fig|223283.9.peg.800,
144,fig|223283.9.peg.800,PSPTO_0787
145,fig|223283.9.peg.810,PSPTO_0797
146,fig|223283.9.peg.811,PSPTO_0798
rxn00179_c,fig|223283.9.peg.814,
147,fig|223283.9.peg.814,PSPTO_0800
148,fig|223283.9.peg.816,PSPTO_0802
rxn00392_c,fig|223283.9.peg.818,
rxn00122_c,fig|223283.9.peg.818,
149,fig|223283.9.peg.818,PSPTO_0805
150,fig|223283.9.peg.819,PSPTO_0806
rxn08352_c,fig|223283.9.peg.822,
rxn08756_c,fig|223283.9.peg.822,
151,fig|223283.9.peg.822,PSPTO_0809
rxn00269_c,fig|223283.9.peg.830,
152,fig|223283.9.peg.830,PSPTO_0817
5,fig|223283.9.peg.84,PSPTO_0080
rxn00778_c,fig|223283.9.peg.851,
153,fig|223283.9.peg.851,PSPTO_0836
rxn01329_c,fig|223283.9.peg.87,
6,fig|223283.9.peg.87,PSPTO_0083
rxn00519_c,fig|223283.9.peg.89,
rxn09177_c,fig|223283.9.peg.89,
rxn02341_c,fig|223283.9.peg.89,
7,fig|223283.9.peg.89,PSPTO_0085
rxn11587_c,fig|223283.9.peg.897,
rxn11609_c,fig|223283.9.peg.897,
154,fig|223283.9.peg.897,PSPTO_0885
rxn05608_c,fig|223283.9.peg.898,
155,fig|223283.9.peg.898,PSPTO_0886
8,fig|223283.9.peg.93,PSPTO_0089
rxn00100_c,fig|223283.9.peg.933,
rxn00134_c,fig|223283.9.peg.933,
156,fig|223283.9.peg.933,PSPTO_0923
9,fig|223283.9.peg.94,PSPTO_0090
rxn02402_c,fig|223283.9.peg.958,
157,fig|223283.9.peg.958,PSPTO_0948
10,fig|223283.9.peg.96,PSPTO_0092
rxn05617_c,fig|223283.9.peg.964,
rxn05607_c,fig|223283.9.peg.964,
rxn05655_c,fig|223283.9.peg.964,
rxn05485_c,fig|223283.9.peg.964,
rxn05610_c,fig|223283.9.peg.964,
rxn05226_c,fig|223283.9.peg.964,
rxn02005_c,fig|223283.9.peg.964,
158,fig|223283.9.peg.964,PSPTO_0954
rxn01492_c,fig|223283.9.peg.965,
159,fig|223283.9.peg.965,PSPTO_0955
rxn05560_c,fig|223283.9.peg.966,
160,fig|223283.9.peg.966,PSPTO_0956
rxn00178_c,fig|223283.9.peg.967,
rxn00874_c,fig|223283.9.peg.967,
161,fig|223283.9.peg.967,PSPTO_0957
rxn02380_c,fig|223283.9.peg.969,
rxn01044_c,fig|223283.9.peg.969,
rxn01977_c,fig|223283.9.peg.969,
rxn00223_c,fig|223283.9.peg.969,
rxn00558_c,fig|223283.9.peg.969,
162,fig|223283.9.peg.969,PSPTO_0959
rxn01791_c,fig|223283.9.peg.970,
163,fig|223283.9.peg.970,PSPTO_0960
164,fig|223283.9.peg.971,PSPTO_0961
rxn02503_c,fig|223283.9.peg.972,
165,fig|223283.9.peg.972,PSPTO_0962
rxn00904_c,fig|223283.9.peg.980,
166,fig|223283.9.peg.980,PSPTO_0970
167,fig|223283.9.peg.986,PSPTO_0977
rxn00011_c,fig|223283.9.peg.990,
rxn02185_c,fig|223283.9.peg.990,
168,fig|223283.9.peg.990,PSPTO_0981
169,fig|223283.9.peg.991,PSPTO_0982
rxn10231_c,fig|223283.9.peg.993,
rxn10228_c,fig|223283.9.peg.993,
rxn09206_c,fig|223283.9.peg.993,
rxn09209_c,fig|223283.9.peg.993,
rxn10230_c,fig|223283.9.peg.993,
rxn10227_c,fig|223283.9.peg.993,
rxn09210_c,fig|223283.9.peg.993,
rxn09205_c,fig|223283.9.peg.993,
rxn10229_c,fig|223283.9.peg.993,
rxn10226_c,fig|223283.9.peg.993,
rxn09211_c,fig|223283.9.peg.993,
rxn09207_c,fig|223283.9.peg.993,
rxn09208_c,fig|223283.9.peg.993,
170,fig|223283.9.peg.993,PSPTO_0984