Source,Target,UniprotKB ACC,PATRIC ID
fig|223283.9.peg.1,PSPTO_0001,,fig|223283.9.peg.1
fig|223283.9.peg.1017,PSPTO_1005,,fig|223283.9.peg.1017
fig|223283.9.peg.1052,PSPTO_1041,,fig|223283.9.peg.1052
fig|223283.9.peg.1063,PSPTO_1051,,fig|223283.9.peg.1063
fig|223283.9.peg.1065,PSPTO_1053,,fig|223283.9.peg.1065
fig|223283.9.peg.108,PSPTO_0103,,fig|223283.9.peg.108
fig|223283.9.peg.1087,PSPTO_1077,,fig|223283.9.peg.1087
fig|223283.9.peg.1089,PSPTO_1079,,fig|223283.9.peg.1089
fig|223283.9.peg.1090,PSPTO_1080,,fig|223283.9.peg.1090
fig|223283.9.peg.1091,PSPTO_1081,,fig|223283.9.peg.1091
fig|223283.9.peg.1114,PSPTO_1104,,fig|223283.9.peg.1114
fig|223283.9.peg.1115,PSPTO_1105,,fig|223283.9.peg.1115
fig|223283.9.peg.1118,PSPTO_1108,,fig|223283.9.peg.1118
fig|223283.9.peg.1122,PSPTO_1112,,fig|223283.9.peg.1122
fig|223283.9.peg.1138,PSPTO_1128,,fig|223283.9.peg.1138
fig|223283.9.peg.1139,PSPTO_1129,,fig|223283.9.peg.1139
fig|223283.9.peg.1142,PSPTO_1131,,fig|223283.9.peg.1142
fig|223283.9.peg.1148,PSPTO_1136,,fig|223283.9.peg.1148
fig|223283.9.peg.116,PSPTO_0112,,fig|223283.9.peg.116
fig|223283.9.peg.1184,PSPTO_1169,,fig|223283.9.peg.1184
fig|223283.9.peg.1195,PSPTO_1178,,fig|223283.9.peg.1195
fig|223283.9.peg.1199,PSPTO_1182,,fig|223283.9.peg.1199
fig|223283.9.peg.1216,PSPTO_1196,,fig|223283.9.peg.1216
fig|223283.9.peg.122,PSPTO_0118,,fig|223283.9.peg.122
fig|223283.9.peg.1235,PSPTO_1215,,fig|223283.9.peg.1235
fig|223283.9.peg.1253,PSPTO_1232,,fig|223283.9.peg.1253
fig|223283.9.peg.1264,PSPTO_1243,,fig|223283.9.peg.1264
fig|223283.9.peg.1290,PSPTO_1268,,fig|223283.9.peg.1290
fig|223283.9.peg.1293,PSPTO_1271,,fig|223283.9.peg.1293
fig|223283.9.peg.1298,PSPTO_1276,,fig|223283.9.peg.1298
fig|223283.9.peg.1299,PSPTO_1277,,fig|223283.9.peg.1299
fig|223283.9.peg.131,PSPTO_0125,,fig|223283.9.peg.131
fig|223283.9.peg.1310,PSPTO_1287,,fig|223283.9.peg.1310
fig|223283.9.peg.1311,PSPTO_1288,,fig|223283.9.peg.1311
fig|223283.9.peg.1324,PSPTO_1302,,fig|223283.9.peg.1324
fig|223283.9.peg.1347,PSPTO_1325,,fig|223283.9.peg.1347
fig|223283.9.peg.1348,PSPTO_1326,,fig|223283.9.peg.1348
fig|223283.9.peg.1349,PSPTO_1327,,fig|223283.9.peg.1349
fig|223283.9.peg.135,PSPTO_0128,,fig|223283.9.peg.135
fig|223283.9.peg.1350,PSPTO_1328,,fig|223283.9.peg.1350
fig|223283.9.peg.1354,PSPTO_1332,,fig|223283.9.peg.1354
fig|223283.9.peg.1357,PSPTO_1335,,fig|223283.9.peg.1357
fig|223283.9.peg.1359,PSPTO_1337,,fig|223283.9.peg.1359
fig|223283.9.peg.136,PSPTO_0129,,fig|223283.9.peg.136
fig|223283.9.peg.1360,PSPTO_1338,,fig|223283.9.peg.1360
fig|223283.9.peg.1371,PSPTO_1349,,fig|223283.9.peg.1371
fig|223283.9.peg.1376,PSPTO_1354,,fig|223283.9.peg.1376
fig|223283.9.peg.1378,PSPTO_1356,,fig|223283.9.peg.1378
fig|223283.9.peg.1383,PSPTO_1361,,fig|223283.9.peg.1383
fig|223283.9.peg.1441,PSPTO_1421,,fig|223283.9.peg.1441
fig|223283.9.peg.1450,PSPTO_1430,,fig|223283.9.peg.1450
fig|223283.9.peg.1455,PSPTO_1435,,fig|223283.9.peg.1455
fig|223283.9.peg.1460,PSPTO_1440,,fig|223283.9.peg.1460
fig|223283.9.peg.1464,PSPTO_1444,,fig|223283.9.peg.1464
fig|223283.9.peg.1469,PSPTO_1449,,fig|223283.9.peg.1469
fig|223283.9.peg.1473,PSPTO_1453,,fig|223283.9.peg.1473
fig|223283.9.peg.1477,PSPTO_1455,,fig|223283.9.peg.1477
fig|223283.9.peg.1481,PSPTO_1459,,fig|223283.9.peg.1481
fig|223283.9.peg.1494,PSPTO_1473,,fig|223283.9.peg.1494
fig|223283.9.peg.1497,PSPTO_1476,,fig|223283.9.peg.1497
fig|223283.9.peg.1501,PSPTO_1480,,fig|223283.9.peg.1501
fig|223283.9.peg.1522,PSPTO_1501,,fig|223283.9.peg.1522
fig|223283.9.peg.1529,PSPTO_1508,,fig|223283.9.peg.1529
fig|223283.9.peg.1531,PSPTO_1509,,fig|223283.9.peg.1531
fig|223283.9.peg.1543,PSPTO_1520,,fig|223283.9.peg.1543
fig|223283.9.peg.1546,PSPTO_1523,,fig|223283.9.peg.1546
fig|223283.9.peg.1558,PSPTO_1533,,fig|223283.9.peg.1558
fig|223283.9.peg.1560,PSPTO_1534,,fig|223283.9.peg.1560
fig|223283.9.peg.1562,PSPTO_1536,,fig|223283.9.peg.1562
fig|223283.9.peg.1564,PSPTO_1538,,fig|223283.9.peg.1564
fig|223283.9.peg.1565,PSPTO_1539,,fig|223283.9.peg.1565
fig|223283.9.peg.1566,PSPTO_1540,,fig|223283.9.peg.1566
fig|223283.9.peg.1570,PSPTO_1544,,fig|223283.9.peg.1570
fig|223283.9.peg.1572,PSPTO_1546,,fig|223283.9.peg.1572
fig|223283.9.peg.1573,PSPTO_1547,,fig|223283.9.peg.1573
fig|223283.9.peg.1575,PSPTO_1549,,fig|223283.9.peg.1575
fig|223283.9.peg.1576,PSPTO_1550,,fig|223283.9.peg.1576
fig|223283.9.peg.1577,PSPTO_1551,,fig|223283.9.peg.1577
fig|223283.9.peg.1578,PSPTO_1552,,fig|223283.9.peg.1578
fig|223283.9.peg.1579,PSPTO_1553,,fig|223283.9.peg.1579
fig|223283.9.peg.1580,PSPTO_1554,,fig|223283.9.peg.1580
fig|223283.9.peg.1582,PSPTO_1556,,fig|223283.9.peg.1582
fig|223283.9.peg.1586,PSPTO_1560,,fig|223283.9.peg.1586
fig|223283.9.peg.1626,PSPTO_1602,,fig|223283.9.peg.1626
fig|223283.9.peg.164,PSPTO_0158,,fig|223283.9.peg.164
fig|223283.9.peg.165,PSPTO_0159,,fig|223283.9.peg.165
fig|223283.9.peg.1657,PSPTO_1633,,fig|223283.9.peg.1657
fig|223283.9.peg.1663,PSPTO_1639,,fig|223283.9.peg.1663
fig|223283.9.peg.1686,PSPTO_1661,,fig|223283.9.peg.1686
fig|223283.9.peg.1693,PSPTO_1669,,fig|223283.9.peg.1693
fig|223283.9.peg.1694,PSPTO_1670,,fig|223283.9.peg.1694
fig|223283.9.peg.1695,PSPTO_1671,,fig|223283.9.peg.1695
fig|223283.9.peg.1700,PSPTO_1675,,fig|223283.9.peg.1700
fig|223283.9.peg.1718,PSPTO_1692,,fig|223283.9.peg.1718
fig|223283.9.peg.1721,PSPTO_1694,,fig|223283.9.peg.1721
fig|223283.9.peg.1726,PSPTO_1699,,fig|223283.9.peg.1726
fig|223283.9.peg.1727,PSPTO_1700,,fig|223283.9.peg.1727
fig|223283.9.peg.1736,PSPTO_1708,,fig|223283.9.peg.1736
fig|223283.9.peg.1738,PSPTO_1710,,fig|223283.9.peg.1738
fig|223283.9.peg.1739,PSPTO_1711,,fig|223283.9.peg.1739
fig|223283.9.peg.174,PSPTO_0169,,fig|223283.9.peg.174
fig|223283.9.peg.1741,PSPTO_1713,,fig|223283.9.peg.1741
fig|223283.9.peg.1742,PSPTO_1714,,fig|223283.9.peg.1742
fig|223283.9.peg.1743,PSPTO_1715,,fig|223283.9.peg.1743
fig|223283.9.peg.1744,PSPTO_1716,,fig|223283.9.peg.1744
fig|223283.9.peg.1745,PSPTO_1717,,fig|223283.9.peg.1745
fig|223283.9.peg.175,PSPTO_0170,,fig|223283.9.peg.175
fig|223283.9.peg.1758,PSPTO_1731,,fig|223283.9.peg.1758
fig|223283.9.peg.1769,PSPTO_1742,,fig|223283.9.peg.1769
fig|223283.9.peg.1773,PSPTO_1745,,fig|223283.9.peg.1773
fig|223283.9.peg.1775,PSPTO_1746,,fig|223283.9.peg.1775
fig|223283.9.peg.1776,PSPTO_1747,,fig|223283.9.peg.1776
fig|223283.9.peg.1777,PSPTO_1748,,fig|223283.9.peg.1777
fig|223283.9.peg.1778,PSPTO_1749,,fig|223283.9.peg.1778
fig|223283.9.peg.1783,PSPTO_1754,,fig|223283.9.peg.1783
fig|223283.9.peg.1789,PSPTO_1760,,fig|223283.9.peg.1789
fig|223283.9.peg.1801,PSPTO_1772,,fig|223283.9.peg.1801
fig|223283.9.peg.1808,PSPTO_1779,,fig|223283.9.peg.1808
fig|223283.9.peg.1818,PSPTO_1788,,fig|223283.9.peg.1818
fig|223283.9.peg.1821,PSPTO_1791,,fig|223283.9.peg.1821
fig|223283.9.peg.1826,PSPTO_1796,,fig|223283.9.peg.1826
fig|223283.9.peg.184,PSPTO_0178,,fig|223283.9.peg.184
fig|223283.9.peg.1841,PSPTO_1812,,fig|223283.9.peg.1841
fig|223283.9.peg.1842,PSPTO_1813,,fig|223283.9.peg.1842
fig|223283.9.peg.1851,PSPTO_1821,,fig|223283.9.peg.1851
fig|223283.9.peg.1862,PSPTO_1832,,fig|223283.9.peg.1862
fig|223283.9.peg.1865,PSPTO_1835,,fig|223283.9.peg.1865
fig|223283.9.peg.1866,PSPTO_1836,,fig|223283.9.peg.1866
fig|223283.9.peg.1868,PSPTO_1838,,fig|223283.9.peg.1868
fig|223283.9.peg.1870,PSPTO_1841,,fig|223283.9.peg.1870
fig|223283.9.peg.1871,PSPTO_1842,,fig|223283.9.peg.1871
fig|223283.9.peg.1872,PSPTO_1843,,fig|223283.9.peg.1872
fig|223283.9.peg.188,PSPTO_0182,,fig|223283.9.peg.188
fig|223283.9.peg.1882,PSPTO_1852,,fig|223283.9.peg.1882
fig|223283.9.peg.1888,PSPTO_1859,,fig|223283.9.peg.1888
fig|223283.9.peg.190,PSPTO_0184,,fig|223283.9.peg.190
fig|223283.9.peg.1902,PSPTO_1871,,fig|223283.9.peg.1902
fig|223283.9.peg.191,PSPTO_0185,,fig|223283.9.peg.191
fig|223283.9.peg.1911,PSPTO_1881,,fig|223283.9.peg.1911
fig|223283.9.peg.1916,PSPTO_1886,,fig|223283.9.peg.1916
fig|223283.9.peg.192,PSPTO_0186,,fig|223283.9.peg.192
fig|223283.9.peg.1920,PSPTO_1890,,fig|223283.9.peg.1920
fig|223283.9.peg.1921,PSPTO_1891,,fig|223283.9.peg.1921
fig|223283.9.peg.195,PSPTO_0189,,fig|223283.9.peg.195
fig|223283.9.peg.1960,PSPTO_1930,,fig|223283.9.peg.1960
fig|223283.9.peg.2,PSPTO_0002,,fig|223283.9.peg.2
fig|223283.9.peg.2019,PSPTO_1990,,fig|223283.9.peg.2019
fig|223283.9.peg.2022,PSPTO_1993,,fig|223283.9.peg.2022
fig|223283.9.peg.2025,PSPTO_1996,,fig|223283.9.peg.2025
fig|223283.9.peg.2047,PSPTO_2016,,fig|223283.9.peg.2047
fig|223283.9.peg.2050,PSPTO_2019,,fig|223283.9.peg.2050
fig|223283.9.peg.2057,PSPTO_2026,,fig|223283.9.peg.2057
fig|223283.9.peg.2058,PSPTO_2028,,fig|223283.9.peg.2058
fig|223283.9.peg.2065,PSPTO_2035,,fig|223283.9.peg.2065
fig|223283.9.peg.2070,PSPTO_2039,,fig|223283.9.peg.2070
fig|223283.9.peg.2074,PSPTO_2043,,fig|223283.9.peg.2074
fig|223283.9.peg.2076,PSPTO_2045,,fig|223283.9.peg.2076
fig|223283.9.peg.2077,PSPTO_2046,,fig|223283.9.peg.2077
fig|223283.9.peg.2086,PSPTO_2055,,fig|223283.9.peg.2086
fig|223283.9.peg.2098,PSPTO_2064,,fig|223283.9.peg.2098
fig|223283.9.peg.2137,PSPTO_2106,,fig|223283.9.peg.2137
fig|223283.9.peg.2138,PSPTO_2107,,fig|223283.9.peg.2138
fig|223283.9.peg.2150,PSPTO_2119,,fig|223283.9.peg.2150
fig|223283.9.peg.219,PSPTO_0209,,fig|223283.9.peg.219
fig|223283.9.peg.2194,PSPTO_2163,,fig|223283.9.peg.2194
fig|223283.9.peg.2197,PSPTO_2166,,fig|223283.9.peg.2197
fig|223283.9.peg.2207,PSPTO_2176,,fig|223283.9.peg.2207
fig|223283.9.peg.2208,PSPTO_2177,,fig|223283.9.peg.2208
fig|223283.9.peg.2209,PSPTO_2178,,fig|223283.9.peg.2209
fig|223283.9.peg.2210,PSPTO_2179,,fig|223283.9.peg.2210
fig|223283.9.peg.2213,PSPTO_2182,,fig|223283.9.peg.2213
fig|223283.9.peg.2225,PSPTO_2194,,fig|223283.9.peg.2225
fig|223283.9.peg.2227,PSPTO_2195,,fig|223283.9.peg.2227
fig|223283.9.peg.2228,PSPTO_2196,,fig|223283.9.peg.2228
fig|223283.9.peg.2229,PSPTO_2197,,fig|223283.9.peg.2229
fig|223283.9.peg.2230,PSPTO_2198,,fig|223283.9.peg.2230
fig|223283.9.peg.2231,PSPTO_2199,,fig|223283.9.peg.2231
fig|223283.9.peg.2232,PSPTO_2200,,fig|223283.9.peg.2232
fig|223283.9.peg.2233,PSPTO_2201,,fig|223283.9.peg.2233
fig|223283.9.peg.2234,PSPTO_2202,,fig|223283.9.peg.2234
fig|223283.9.peg.2235,PSPTO_2203,,fig|223283.9.peg.2235
fig|223283.9.peg.2242,PSPTO_2210,,fig|223283.9.peg.2242
fig|223283.9.peg.2245,PSPTO_2213,,fig|223283.9.peg.2245
fig|223283.9.peg.227,PSPTO_0218,,fig|223283.9.peg.227
fig|223283.9.peg.2273,PSPTO_2242,,fig|223283.9.peg.2273
fig|223283.9.peg.2274,PSPTO_2243,,fig|223283.9.peg.2274
fig|223283.9.peg.2275,PSPTO_2244,,fig|223283.9.peg.2275
fig|223283.9.peg.2309,PSPTO_2275,,fig|223283.9.peg.2309
fig|223283.9.peg.2310,PSPTO_2276,,fig|223283.9.peg.2310
fig|223283.9.peg.2311,PSPTO_2277,,fig|223283.9.peg.2311
fig|223283.9.peg.2315,PSPTO_2281,,fig|223283.9.peg.2315
fig|223283.9.peg.2316,PSPTO_2282,,fig|223283.9.peg.2316
fig|223283.9.peg.2321,PSPTO_2287,,fig|223283.9.peg.2321
fig|223283.9.peg.2324,PSPTO_2289,,fig|223283.9.peg.2324
fig|223283.9.peg.2328,PSPTO_2292,,fig|223283.9.peg.2328
fig|223283.9.peg.233,PSPTO_0224,,fig|223283.9.peg.233
fig|223283.9.peg.2331,PSPTO_2295,,fig|223283.9.peg.2331
fig|223283.9.peg.2336,PSPTO_2300,,fig|223283.9.peg.2336
fig|223283.9.peg.234,PSPTO_0225,,fig|223283.9.peg.234
fig|223283.9.peg.2341,PSPTO_2305,,fig|223283.9.peg.2341
fig|223283.9.peg.2373,PSPTO_2338,,fig|223283.9.peg.2373
fig|223283.9.peg.2374,PSPTO_2339,,fig|223283.9.peg.2374
fig|223283.9.peg.2376,PSPTO_2341,,fig|223283.9.peg.2376
fig|223283.9.peg.2377,PSPTO_2342,,fig|223283.9.peg.2377
fig|223283.9.peg.2381,PSPTO_2346,,fig|223283.9.peg.2381
fig|223283.9.peg.2383,PSPTO_2348,,fig|223283.9.peg.2383
fig|223283.9.peg.2397,PSPTO_2362,,fig|223283.9.peg.2397
fig|223283.9.peg.240,PSPTO_0230,,fig|223283.9.peg.240
fig|223283.9.peg.2406,PSPTO_2371,,fig|223283.9.peg.2406
fig|223283.9.peg.2408,PSPTO_2373,,fig|223283.9.peg.2408
fig|223283.9.peg.2413,PSPTO_2378,,fig|223283.9.peg.2413
fig|223283.9.peg.2415,PSPTO_2380,,fig|223283.9.peg.2415
fig|223283.9.peg.2416,PSPTO_2381,,fig|223283.9.peg.2416
fig|223283.9.peg.2417,PSPTO_2382,,fig|223283.9.peg.2417
fig|223283.9.peg.2418,PSPTO_2383,,fig|223283.9.peg.2418
fig|223283.9.peg.2437,PSPTO_2401,,fig|223283.9.peg.2437
fig|223283.9.peg.2438,PSPTO_2402,,fig|223283.9.peg.2438
fig|223283.9.peg.2439,PSPTO_2403,,fig|223283.9.peg.2439
fig|223283.9.peg.2445,PSPTO_2409,,fig|223283.9.peg.2445
fig|223283.9.peg.2446,,,
fig|223283.9.peg.2447,,,
fig|223283.9.peg.2448,PSPTO_2411,,fig|223283.9.peg.2448
fig|223283.9.peg.2464,PSPTO_2427,,fig|223283.9.peg.2464
fig|223283.9.peg.2467,PSPTO_2430,,fig|223283.9.peg.2467
fig|223283.9.peg.2486,PSPTO_2450,,fig|223283.9.peg.2486
fig|223283.9.peg.2488,PSPTO_2452,,fig|223283.9.peg.2488
fig|223283.9.peg.2489,PSPTO_2453,,fig|223283.9.peg.2489
fig|223283.9.peg.250,PSPTO_0239,,fig|223283.9.peg.250
fig|223283.9.peg.2528,PSPTO_2488,,fig|223283.9.peg.2528
fig|223283.9.peg.2541,PSPTO_2499,,fig|223283.9.peg.2541
fig|223283.9.peg.2552,PSPTO_2510,,fig|223283.9.peg.2552
fig|223283.9.peg.2558,PSPTO_2517,,fig|223283.9.peg.2558
fig|223283.9.peg.2609,PSPTO_2568,,fig|223283.9.peg.2609
fig|223283.9.peg.2619,PSPTO_2578,,fig|223283.9.peg.2619
fig|223283.9.peg.2627,PSPTO_2585,,fig|223283.9.peg.2627
fig|223283.9.peg.2629,PSPTO_2586,,fig|223283.9.peg.2629
fig|223283.9.peg.2638,PSPTO_2595,,fig|223283.9.peg.2638
fig|223283.9.peg.2657,PSPTO_2611,,fig|223283.9.peg.2657
fig|223283.9.peg.268,PSPTO_0258,,fig|223283.9.peg.268
fig|223283.9.peg.2683,PSPTO_2633,,fig|223283.9.peg.2683
fig|223283.9.peg.2687,PSPTO_2637,,fig|223283.9.peg.2687
fig|223283.9.peg.270,PSPTO_0259,,fig|223283.9.peg.270
fig|223283.9.peg.2702,,,
fig|223283.9.peg.2703,,,
fig|223283.9.peg.2706,PSPTO_2655,,fig|223283.9.peg.2706
fig|223283.9.peg.2711,PSPTO_2660,,fig|223283.9.peg.2711
fig|223283.9.peg.2719,PSPTO_2668,,fig|223283.9.peg.2719
fig|223283.9.peg.2724,PSPTO_2673,,fig|223283.9.peg.2724
fig|223283.9.peg.2732,PSPTO_2680,,fig|223283.9.peg.2732
fig|223283.9.peg.2737,PSPTO_2685,,fig|223283.9.peg.2737
fig|223283.9.peg.2751,PSPTO_2697,,fig|223283.9.peg.2751
fig|223283.9.peg.2756,PSPTO_2701,,fig|223283.9.peg.2756
fig|223283.9.peg.2757,PSPTO_2702,,fig|223283.9.peg.2757
fig|223283.9.peg.2758,PSPTO_2703,,fig|223283.9.peg.2758
fig|223283.9.peg.2785,PSPTO_2730,,fig|223283.9.peg.2785
fig|223283.9.peg.2788,PSPTO_2732,,fig|223283.9.peg.2788
fig|223283.9.peg.2793,PSPTO_2736,,fig|223283.9.peg.2793
fig|223283.9.peg.2794,PSPTO_2737,,fig|223283.9.peg.2794
fig|223283.9.peg.2795,PSPTO_2738,,fig|223283.9.peg.2795
fig|223283.9.peg.2796,PSPTO_2739,,fig|223283.9.peg.2796
fig|223283.9.peg.2799,PSPTO_2742,,fig|223283.9.peg.2799
fig|223283.9.peg.2819,PSPTO_2761,,fig|223283.9.peg.2819
fig|223283.9.peg.2825,PSPTO_2767,,fig|223283.9.peg.2825
fig|223283.9.peg.2836,PSPTO_2778,,fig|223283.9.peg.2836
fig|223283.9.peg.285,PSPTO_0272,,fig|223283.9.peg.285
fig|223283.9.peg.2856,PSPTO_2798,,fig|223283.9.peg.2856
fig|223283.9.peg.2923,PSPTO_2862,,fig|223283.9.peg.2923
fig|223283.9.peg.2926,PSPTO_2865,,fig|223283.9.peg.2926
fig|223283.9.peg.2951,PSPTO_2891,,fig|223283.9.peg.2951
fig|223283.9.peg.2959,PSPTO_2900,,fig|223283.9.peg.2959
fig|223283.9.peg.2977,PSPTO_2918,,fig|223283.9.peg.2977
fig|223283.9.peg.2978,PSPTO_2919,,fig|223283.9.peg.2978
fig|223283.9.peg.2979,PSPTO_2920,,fig|223283.9.peg.2979
fig|223283.9.peg.2980,PSPTO_2921,,fig|223283.9.peg.2980
fig|223283.9.peg.2981,PSPTO_2922,,fig|223283.9.peg.2981
fig|223283.9.peg.2983,PSPTO_2925,,fig|223283.9.peg.2983
fig|223283.9.peg.2992,PSPTO_2934,,fig|223283.9.peg.2992
fig|223283.9.peg.2993,PSPTO_2935,,fig|223283.9.peg.2993
fig|223283.9.peg.2998,PSPTO_2940,,fig|223283.9.peg.2998
fig|223283.9.peg.3001,PSPTO_2944,,fig|223283.9.peg.3001
fig|223283.9.peg.3010,PSPTO_2952,,fig|223283.9.peg.3010
fig|223283.9.peg.3016,PSPTO_2957,,fig|223283.9.peg.3016
fig|223283.9.peg.3024,PSPTO_2965,,fig|223283.9.peg.3024
fig|223283.9.peg.3053,PSPTO_2991,,fig|223283.9.peg.3053
fig|223283.9.peg.3066,PSPTO_3002,,fig|223283.9.peg.3066
fig|223283.9.peg.3073,PSPTO_3009,,fig|223283.9.peg.3073
fig|223283.9.peg.3085,PSPTO_3022,,fig|223283.9.peg.3085
fig|223283.9.peg.3090,PSPTO_3027,,fig|223283.9.peg.3090
fig|223283.9.peg.3098,PSPTO_3035,,fig|223283.9.peg.3098
fig|223283.9.peg.3106,PSPTO_3043,,fig|223283.9.peg.3106
fig|223283.9.peg.3111,PSPTO_3048,,fig|223283.9.peg.3111
fig|223283.9.peg.3128,PSPTO_3064,,fig|223283.9.peg.3128
fig|223283.9.peg.313,PSPTO_0301,,fig|223283.9.peg.313
fig|223283.9.peg.3172,PSPTO_3106,,fig|223283.9.peg.3172
fig|223283.9.peg.3178,PSPTO_3112,,fig|223283.9.peg.3178
fig|223283.9.peg.3179,PSPTO_3113,,fig|223283.9.peg.3179
fig|223283.9.peg.3188,PSPTO_3122,,fig|223283.9.peg.3188
fig|223283.9.peg.320,PSPTO_0308,,fig|223283.9.peg.320
fig|223283.9.peg.3209,PSPTO_3143,,fig|223283.9.peg.3209
fig|223283.9.peg.321,PSPTO_0309,,fig|223283.9.peg.321
fig|223283.9.peg.322,PSPTO_0310,,fig|223283.9.peg.322
fig|223283.9.peg.323,PSPTO_0311,,fig|223283.9.peg.323
fig|223283.9.peg.3231,PSPTO_3164,,fig|223283.9.peg.3231
fig|223283.9.peg.3236,PSPTO_3170,,fig|223283.9.peg.3236
fig|223283.9.peg.330,PSPTO_0317,,fig|223283.9.peg.330
fig|223283.9.peg.3352,PSPTO_3278,,fig|223283.9.peg.3352
fig|223283.9.peg.3354,PSPTO_3280,,fig|223283.9.peg.3354
fig|223283.9.peg.3360,PSPTO_3285,,fig|223283.9.peg.3360
fig|223283.9.peg.3362,PSPTO_3287,,fig|223283.9.peg.3362
fig|223283.9.peg.3395,PSPTO_3318,,fig|223283.9.peg.3395
fig|223283.9.peg.340,PSPTO_0324,,fig|223283.9.peg.340
fig|223283.9.peg.3401,PSPTO_3323,,fig|223283.9.peg.3401
fig|223283.9.peg.341,PSPTO_0325,,fig|223283.9.peg.341
fig|223283.9.peg.3423,PSPTO_3344,,fig|223283.9.peg.3423
fig|223283.9.peg.3424,PSPTO_3345,,fig|223283.9.peg.3424
fig|223283.9.peg.3435,PSPTO_3356,,fig|223283.9.peg.3435
fig|223283.9.peg.3439,PSPTO_3360,,fig|223283.9.peg.3439
fig|223283.9.peg.3444,PSPTO_3364,,fig|223283.9.peg.3444
fig|223283.9.peg.3445,PSPTO_3365,,fig|223283.9.peg.3445
fig|223283.9.peg.3446,PSPTO_3366,,fig|223283.9.peg.3446
fig|223283.9.peg.3447,PSPTO_3367,,fig|223283.9.peg.3447
fig|223283.9.peg.3448,PSPTO_3368,,fig|223283.9.peg.3448
fig|223283.9.peg.3449,PSPTO_3369,,fig|223283.9.peg.3449
fig|223283.9.peg.3450,PSPTO_3370,,fig|223283.9.peg.3450
fig|223283.9.peg.3451,PSPTO_3371,,fig|223283.9.peg.3451
fig|223283.9.peg.3452,PSPTO_3372,,fig|223283.9.peg.3452
fig|223283.9.peg.3453,PSPTO_3373,,fig|223283.9.peg.3453
fig|223283.9.peg.3454,PSPTO_3374,,fig|223283.9.peg.3454
fig|223283.9.peg.3455,PSPTO_3375,,fig|223283.9.peg.3455
fig|223283.9.peg.3456,PSPTO_3376,,fig|223283.9.peg.3456
fig|223283.9.peg.3457,PSPTO_3377,,fig|223283.9.peg.3457
fig|223283.9.peg.3519,PSPTO_3438,,fig|223283.9.peg.3519
fig|223283.9.peg.3536,PSPTO_3455,,fig|223283.9.peg.3536
fig|223283.9.peg.3537,PSPTO_3456,,fig|223283.9.peg.3537
fig|223283.9.peg.354,PSPTO_0338,,fig|223283.9.peg.354
fig|223283.9.peg.3541,PSPTO_3460,,fig|223283.9.peg.3541
fig|223283.9.peg.3544,PSPTO_3463,,fig|223283.9.peg.3544
fig|223283.9.peg.3577,PSPTO_3493,,fig|223283.9.peg.3577
fig|223283.9.peg.3599,PSPTO_3514,,fig|223283.9.peg.3599
fig|223283.9.peg.3601,PSPTO_3516,,fig|223283.9.peg.3601
fig|223283.9.peg.3602,PSPTO_3517,,fig|223283.9.peg.3602
fig|223283.9.peg.361,PSPTO_0346,,fig|223283.9.peg.361
fig|223283.9.peg.3618,PSPTO_3530,,fig|223283.9.peg.3618
fig|223283.9.peg.3640,PSPTO_3551,,fig|223283.9.peg.3640
fig|223283.9.peg.3642,PSPTO_3553,,fig|223283.9.peg.3642
fig|223283.9.peg.3649,PSPTO_3559,,fig|223283.9.peg.3649
fig|223283.9.peg.3653,PSPTO_3564,,fig|223283.9.peg.3653
fig|223283.9.peg.373,PSPTO_0357,,fig|223283.9.peg.373
fig|223283.9.peg.3735,PSPTO_3646,,fig|223283.9.peg.3735
fig|223283.9.peg.3748,PSPTO_3658,,fig|223283.9.peg.3748
fig|223283.9.peg.375,PSPTO_0359,,fig|223283.9.peg.375
fig|223283.9.peg.3750,PSPTO_3660,,fig|223283.9.peg.3750
fig|223283.9.peg.3751,PSPTO_3661,,fig|223283.9.peg.3751
fig|223283.9.peg.3753,PSPTO_3663,,fig|223283.9.peg.3753
fig|223283.9.peg.3759,PSPTO_3668,,fig|223283.9.peg.3759
fig|223283.9.peg.3786,PSPTO_3694,,fig|223283.9.peg.3786
fig|223283.9.peg.3793,PSPTO_3701,,fig|223283.9.peg.3793
fig|223283.9.peg.3794,PSPTO_3702,,fig|223283.9.peg.3794
fig|223283.9.peg.3813,PSPTO_3721,,fig|223283.9.peg.3813
fig|223283.9.peg.3825,PSPTO_3733,,fig|223283.9.peg.3825
fig|223283.9.peg.3834,PSPTO_3742,,fig|223283.9.peg.3834
fig|223283.9.peg.3837,PSPTO_3745,,fig|223283.9.peg.3837
fig|223283.9.peg.3846,PSPTO_3752,,fig|223283.9.peg.3846
fig|223283.9.peg.3852,PSPTO_3757,,fig|223283.9.peg.3852
fig|223283.9.peg.3868,PSPTO_3772,,fig|223283.9.peg.3868
fig|223283.9.peg.3883,PSPTO_3788,,fig|223283.9.peg.3883
fig|223283.9.peg.3888,PSPTO_3793,,fig|223283.9.peg.3888
fig|223283.9.peg.3903,PSPTO_3806,,fig|223283.9.peg.3903
fig|223283.9.peg.3907,PSPTO_3810,,fig|223283.9.peg.3907
fig|223283.9.peg.3908,PSPTO_3811,,fig|223283.9.peg.3908
fig|223283.9.peg.3911,PSPTO_3814,,fig|223283.9.peg.3911
fig|223283.9.peg.3912,PSPTO_3815,,fig|223283.9.peg.3912
fig|223283.9.peg.3913,PSPTO_3816,,fig|223283.9.peg.3913
fig|223283.9.peg.3923,PSPTO_3826,,fig|223283.9.peg.3923
fig|223283.9.peg.3924,PSPTO_3827,,fig|223283.9.peg.3924
fig|223283.9.peg.3926,PSPTO_3829,,fig|223283.9.peg.3926
fig|223283.9.peg.3927,PSPTO_3830,,fig|223283.9.peg.3927
fig|223283.9.peg.3930,PSPTO_3833,,fig|223283.9.peg.3930
fig|223283.9.peg.3932,PSPTO_3835,,fig|223283.9.peg.3932
fig|223283.9.peg.3939,PSPTO_3842,,fig|223283.9.peg.3939
fig|223283.9.peg.3940,PSPTO_3843,,fig|223283.9.peg.3940
fig|223283.9.peg.3942,PSPTO_3845,,fig|223283.9.peg.3942
fig|223283.9.peg.3957,PSPTO_3860,,fig|223283.9.peg.3957
fig|223283.9.peg.3959,PSPTO_3862,,fig|223283.9.peg.3959
fig|223283.9.peg.3969,PSPTO_3871,,fig|223283.9.peg.3969
fig|223283.9.peg.3981,PSPTO_3883,,fig|223283.9.peg.3981
fig|223283.9.peg.4,PSPTO_0004,,fig|223283.9.peg.4
fig|223283.9.peg.400,PSPTO_0383,,fig|223283.9.peg.400
fig|223283.9.peg.4001,PSPTO_3902,,fig|223283.9.peg.4001
fig|223283.9.peg.4019,PSPTO_3920,,fig|223283.9.peg.4019
fig|223283.9.peg.402,PSPTO_0385,,fig|223283.9.peg.402
fig|223283.9.peg.4023,PSPTO_3924,,fig|223283.9.peg.4023
fig|223283.9.peg.403,PSPTO_0386,,fig|223283.9.peg.403
fig|223283.9.peg.404,PSPTO_0387,,fig|223283.9.peg.404
fig|223283.9.peg.4049,PSPTO_3950,,fig|223283.9.peg.4049
fig|223283.9.peg.4058,PSPTO_3959,,fig|223283.9.peg.4058
fig|223283.9.peg.407,PSPTO_0390,,fig|223283.9.peg.407
fig|223283.9.peg.4081,PSPTO_3981,,fig|223283.9.peg.4081
fig|223283.9.peg.4129,PSPTO_4026,,fig|223283.9.peg.4129
fig|223283.9.peg.4166,PSPTO_4063,,fig|223283.9.peg.4166
fig|223283.9.peg.4202,PSPTO_4097,,fig|223283.9.peg.4202
fig|223283.9.peg.4204,PSPTO_4098,,fig|223283.9.peg.4204
fig|223283.9.peg.4222,PSPTO_4116,,fig|223283.9.peg.4222
fig|223283.9.peg.4247,PSPTO_4137,,fig|223283.9.peg.4247
fig|223283.9.peg.4248,PSPTO_4138,,fig|223283.9.peg.4248
fig|223283.9.peg.4250,PSPTO_4140,,fig|223283.9.peg.4250
fig|223283.9.peg.4254,PSPTO_4144,,fig|223283.9.peg.4254
fig|223283.9.peg.4257,PSPTO_4147,,fig|223283.9.peg.4257
fig|223283.9.peg.4265,PSPTO_4155,,fig|223283.9.peg.4265
fig|223283.9.peg.4274,PSPTO_4164,,fig|223283.9.peg.4274
fig|223283.9.peg.4277,PSPTO_4167,,fig|223283.9.peg.4277
fig|223283.9.peg.4278,PSPTO_4168,,fig|223283.9.peg.4278
fig|223283.9.peg.4280,PSPTO_4170,,fig|223283.9.peg.4280
fig|223283.9.peg.4289,PSPTO_4179,,fig|223283.9.peg.4289
fig|223283.9.peg.429,PSPTO_0410,,fig|223283.9.peg.429
fig|223283.9.peg.4293,PSPTO_4183,,fig|223283.9.peg.4293
fig|223283.9.peg.4324,PSPTO_4217,,fig|223283.9.peg.4324
fig|223283.9.peg.4332,PSPTO_4225,,fig|223283.9.peg.4332
fig|223283.9.peg.4342,PSPTO_4235,,fig|223283.9.peg.4342
fig|223283.9.peg.4352,PSPTO_4244,,fig|223283.9.peg.4352
fig|223283.9.peg.4364,PSPTO_4254,,fig|223283.9.peg.4364
fig|223283.9.peg.437,PSPTO_0417,,fig|223283.9.peg.437
fig|223283.9.peg.4374,PSPTO_4265,,fig|223283.9.peg.4374
fig|223283.9.peg.438,PSPTO_0418,,fig|223283.9.peg.438
fig|223283.9.peg.4396,PSPTO_4285,,fig|223283.9.peg.4396
fig|223283.9.peg.4402,PSPTO_4290,,fig|223283.9.peg.4402
fig|223283.9.peg.4427,PSPTO_4312,,fig|223283.9.peg.4427
fig|223283.9.peg.4450,PSPTO_4337,,fig|223283.9.peg.4450
fig|223283.9.peg.4452,PSPTO_4339,,fig|223283.9.peg.4452
fig|223283.9.peg.4478,PSPTO_4363,,fig|223283.9.peg.4478
fig|223283.9.peg.4509,PSPTO_4394,,fig|223283.9.peg.4509
fig|223283.9.peg.4514,PSPTO_4399,,fig|223283.9.peg.4514
fig|223283.9.peg.4517,PSPTO_4402,,fig|223283.9.peg.4517
fig|223283.9.peg.4523,PSPTO_4408,,fig|223283.9.peg.4523
fig|223283.9.peg.4526,PSPTO_4411,,fig|223283.9.peg.4526
fig|223283.9.peg.453,PSPTO_0433,,fig|223283.9.peg.453
fig|223283.9.peg.4540,PSPTO_4425,,fig|223283.9.peg.4540
fig|223283.9.peg.4541,PSPTO_4426,,fig|223283.9.peg.4541
fig|223283.9.peg.4544,PSPTO_4429,,fig|223283.9.peg.4544
fig|223283.9.peg.4547,PSPTO_4432,,fig|223283.9.peg.4547
fig|223283.9.peg.4553,PSPTO_4437,,fig|223283.9.peg.4553
fig|223283.9.peg.4554,PSPTO_4438,,fig|223283.9.peg.4554
fig|223283.9.peg.4556,PSPTO_4441,,fig|223283.9.peg.4556
fig|223283.9.peg.456,PSPTO_0436,,fig|223283.9.peg.456
fig|223283.9.peg.4564,PSPTO_4449,,fig|223283.9.peg.4564
fig|223283.9.peg.4574,PSPTO_4459,,fig|223283.9.peg.4574
fig|223283.9.peg.4576,PSPTO_4461,,fig|223283.9.peg.4576
fig|223283.9.peg.4588,PSPTO_4473,,fig|223283.9.peg.4588
fig|223283.9.peg.4589,PSPTO_4474,,fig|223283.9.peg.4589
fig|223283.9.peg.4590,PSPTO_4475,,fig|223283.9.peg.4590
fig|223283.9.peg.4593,PSPTO_4478,,fig|223283.9.peg.4593
fig|223283.9.peg.4603,PSPTO_4487,,fig|223283.9.peg.4603
fig|223283.9.peg.4607,PSPTO_4491,,fig|223283.9.peg.4607
fig|223283.9.peg.461,PSPTO_0441,,fig|223283.9.peg.461
fig|223283.9.peg.4610,PSPTO_4494,,fig|223283.9.peg.4610
fig|223283.9.peg.4611,PSPTO_4495,,fig|223283.9.peg.4611
fig|223283.9.peg.4612,PSPTO_4496,,fig|223283.9.peg.4612
fig|223283.9.peg.4617,PSPTO_4501,,fig|223283.9.peg.4617
fig|223283.9.peg.4618,PSPTO_4502,,fig|223283.9.peg.4618
fig|223283.9.peg.4651,PSPTO_4533,,fig|223283.9.peg.4651
fig|223283.9.peg.4665,PSPTO_4547,,fig|223283.9.peg.4665
fig|223283.9.peg.4667,PSPTO_4549,,fig|223283.9.peg.4667
fig|223283.9.peg.4729,PSPTO_4615,,fig|223283.9.peg.4729
fig|223283.9.peg.4730,PSPTO_4616,,fig|223283.9.peg.4730
fig|223283.9.peg.4747,PSPTO_4632,,fig|223283.9.peg.4747
fig|223283.9.peg.4762,PSPTO_4647,,fig|223283.9.peg.4762
fig|223283.9.peg.4763,PSPTO_4648,,fig|223283.9.peg.4763
fig|223283.9.peg.4766,PSPTO_4651,,fig|223283.9.peg.4766
fig|223283.9.peg.477,PSPTO_0458,,fig|223283.9.peg.477
fig|223283.9.peg.479,PSPTO_0460,,fig|223283.9.peg.479
fig|223283.9.peg.480,PSPTO_0461,,fig|223283.9.peg.480
fig|223283.9.peg.4802,PSPTO_4685,,fig|223283.9.peg.4802
fig|223283.9.peg.4907,PSPTO_4795,,fig|223283.9.peg.4907
fig|223283.9.peg.4909,PSPTO_4798,,fig|223283.9.peg.4909
fig|223283.9.peg.4910,PSPTO_4799,,fig|223283.9.peg.4910
fig|223283.9.peg.4922,PSPTO_4812,,fig|223283.9.peg.4922
fig|223283.9.peg.4924,PSPTO_4814,,fig|223283.9.peg.4924
fig|223283.9.peg.4940,PSPTO_4828,,fig|223283.9.peg.4940
fig|223283.9.peg.4941,PSPTO_4829,,fig|223283.9.peg.4941
fig|223283.9.peg.4953,PSPTO_4842,,fig|223283.9.peg.4953
fig|223283.9.peg.497,PSPTO_0480,,fig|223283.9.peg.497
fig|223283.9.peg.4971,PSPTO_4859,,fig|223283.9.peg.4971
fig|223283.9.peg.4972,PSPTO_4860,,fig|223283.9.peg.4972
fig|223283.9.peg.4973,PSPTO_4861,,fig|223283.9.peg.4973
fig|223283.9.peg.4978,PSPTO_4866,,fig|223283.9.peg.4978
fig|223283.9.peg.4979,PSPTO_4867,,fig|223283.9.peg.4979
fig|223283.9.peg.5003,PSPTO_4890,,fig|223283.9.peg.5003
fig|223283.9.peg.5004,PSPTO_4891,,fig|223283.9.peg.5004
fig|223283.9.peg.5007,PSPTO_4894,,fig|223283.9.peg.5007
fig|223283.9.peg.5008,PSPTO_4895,,fig|223283.9.peg.5008
fig|223283.9.peg.5022,PSPTO_4909,,fig|223283.9.peg.5022
fig|223283.9.peg.5023,PSPTO_4910,,fig|223283.9.peg.5023
fig|223283.9.peg.5024,PSPTO_4911,,fig|223283.9.peg.5024
fig|223283.9.peg.5026,PSPTO_4913,,fig|223283.9.peg.5026
fig|223283.9.peg.5034,PSPTO_4921,,fig|223283.9.peg.5034
fig|223283.9.peg.5035,PSPTO_4922,,fig|223283.9.peg.5035
fig|223283.9.peg.5044,PSPTO_4930,,fig|223283.9.peg.5044
fig|223283.9.peg.5046,PSPTO_4932,,fig|223283.9.peg.5046
fig|223283.9.peg.5047,PSPTO_4933,,fig|223283.9.peg.5047
fig|223283.9.peg.5051,PSPTO_4937,,fig|223283.9.peg.5051
fig|223283.9.peg.5052,PSPTO_4938,,fig|223283.9.peg.5052
fig|223283.9.peg.5059,PSPTO_4945,,fig|223283.9.peg.5059
fig|223283.9.peg.5069,PSPTO_4955,,fig|223283.9.peg.5069
fig|223283.9.peg.507,PSPTO_0490,,fig|223283.9.peg.507
fig|223283.9.peg.5071,PSPTO_4957,,fig|223283.9.peg.5071
fig|223283.9.peg.5080,PSPTO_4965,,fig|223283.9.peg.5080
fig|223283.9.peg.511,PSPTO_0494,,fig|223283.9.peg.511
fig|223283.9.peg.5117,PSPTO_5001,,fig|223283.9.peg.5117
fig|223283.9.peg.5119,PSPTO_5003,,fig|223283.9.peg.5119
fig|223283.9.peg.512,PSPTO_0495,,fig|223283.9.peg.512
fig|223283.9.peg.5123,PSPTO_5005,,fig|223283.9.peg.5123
fig|223283.9.peg.5124,PSPTO_5006,,fig|223283.9.peg.5124
fig|223283.9.peg.5136,PSPTO_5016,,fig|223283.9.peg.5136
fig|223283.9.peg.5137,PSPTO_5017,,fig|223283.9.peg.5137
fig|223283.9.peg.5154,PSPTO_5035,,fig|223283.9.peg.5154
fig|223283.9.peg.5159,PSPTO_5040,,fig|223283.9.peg.5159
fig|223283.9.peg.5166,PSPTO_5047,,fig|223283.9.peg.5166
fig|223283.9.peg.5169,PSPTO_5049,,fig|223283.9.peg.5169
fig|223283.9.peg.5178,PSPTO_5057,,fig|223283.9.peg.5178
fig|223283.9.peg.5190,PSPTO_5068,,fig|223283.9.peg.5190
fig|223283.9.peg.5191,PSPTO_5069,,fig|223283.9.peg.5191
fig|223283.9.peg.5200,PSPTO_5079,,fig|223283.9.peg.5200
fig|223283.9.peg.5201,PSPTO_5080,,fig|223283.9.peg.5201
fig|223283.9.peg.5202,PSPTO_5081,,fig|223283.9.peg.5202
fig|223283.9.peg.5204,PSPTO_5083,,fig|223283.9.peg.5204
fig|223283.9.peg.5205,PSPTO_5084,,fig|223283.9.peg.5205
fig|223283.9.peg.5206,PSPTO_5085,,fig|223283.9.peg.5206
fig|223283.9.peg.5208,PSPTO_5087,,fig|223283.9.peg.5208
fig|223283.9.peg.5239,PSPTO_5118,,fig|223283.9.peg.5239
fig|223283.9.peg.5242,PSPTO_5121,,fig|223283.9.peg.5242
fig|223283.9.peg.5243,PSPTO_5123,,fig|223283.9.peg.5243
fig|223283.9.peg.5245,PSPTO_5126,,fig|223283.9.peg.5245
fig|223283.9.peg.5246,PSPTO_5127,,fig|223283.9.peg.5246
fig|223283.9.peg.5252,PSPTO_5133,,fig|223283.9.peg.5252
fig|223283.9.peg.5254,PSPTO_5134,,fig|223283.9.peg.5254
fig|223283.9.peg.5256,PSPTO_5136,,fig|223283.9.peg.5256
fig|223283.9.peg.5257,PSPTO_5137,,fig|223283.9.peg.5257
fig|223283.9.peg.5258,PSPTO_5138,,fig|223283.9.peg.5258
fig|223283.9.peg.5274,PSPTO_5153,,fig|223283.9.peg.5274
fig|223283.9.peg.5275,PSPTO_5154,,fig|223283.9.peg.5275
fig|223283.9.peg.5286,PSPTO_5165,,fig|223283.9.peg.5286
fig|223283.9.peg.5289,PSPTO_5168,,fig|223283.9.peg.5289
fig|223283.9.peg.5292,PSPTO_5171,,fig|223283.9.peg.5292
fig|223283.9.peg.5295,PSPTO_5174,,fig|223283.9.peg.5295
fig|223283.9.peg.5299,PSPTO_5178,,fig|223283.9.peg.5299
fig|223283.9.peg.5308,PSPTO_5187,,fig|223283.9.peg.5308
fig|223283.9.peg.5310,PSPTO_5189,,fig|223283.9.peg.5310
fig|223283.9.peg.5337,PSPTO_5216,,fig|223283.9.peg.5337
fig|223283.9.peg.5341,PSPTO_5219,,fig|223283.9.peg.5341
fig|223283.9.peg.5363,PSPTO_5241,,fig|223283.9.peg.5363
fig|223283.9.peg.5370,PSPTO_5248,,fig|223283.9.peg.5370
fig|223283.9.peg.5374,PSPTO_5251,,fig|223283.9.peg.5374
fig|223283.9.peg.5383,PSPTO_5260,,fig|223283.9.peg.5383
fig|223283.9.peg.5384,PSPTO_5261,,fig|223283.9.peg.5384
fig|223283.9.peg.5389,PSPTO_5266,,fig|223283.9.peg.5389
fig|223283.9.peg.5394,PSPTO_5270,,fig|223283.9.peg.5394
fig|223283.9.peg.5398,PSPTO_5274,,fig|223283.9.peg.5398
fig|223283.9.peg.5399,PSPTO_5275,,fig|223283.9.peg.5399
fig|223283.9.peg.5401,PSPTO_5277,,fig|223283.9.peg.5401
fig|223283.9.peg.5402,PSPTO_5278,,fig|223283.9.peg.5402
fig|223283.9.peg.5403,PSPTO_5279,,fig|223283.9.peg.5403
fig|223283.9.peg.5412,PSPTO_5286,,fig|223283.9.peg.5412
fig|223283.9.peg.5414,PSPTO_5288,,fig|223283.9.peg.5414
fig|223283.9.peg.5420,PSPTO_5294,,fig|223283.9.peg.5420
fig|223283.9.peg.5425,PSPTO_5299,,fig|223283.9.peg.5425
fig|223283.9.peg.5427,PSPTO_5301,,fig|223283.9.peg.5427
fig|223283.9.peg.5428,PSPTO_5302,,fig|223283.9.peg.5428
fig|223283.9.peg.5429,PSPTO_5303,,fig|223283.9.peg.5429
fig|223283.9.peg.5435,PSPTO_5308,,fig|223283.9.peg.5435
fig|223283.9.peg.5454,PSPTO_5327,,fig|223283.9.peg.5454
fig|223283.9.peg.5461,PSPTO_5334,,fig|223283.9.peg.5461
fig|223283.9.peg.5462,PSPTO_5335,,fig|223283.9.peg.5462
fig|223283.9.peg.5465,PSPTO_5338,,fig|223283.9.peg.5465
fig|223283.9.peg.5466,PSPTO_5339,,fig|223283.9.peg.5466
fig|223283.9.peg.547,PSPTO_0537,,fig|223283.9.peg.547
fig|223283.9.peg.5483,PSPTO_5356,,fig|223283.9.peg.5483
fig|223283.9.peg.5484,PSPTO_5357,,fig|223283.9.peg.5484
fig|223283.9.peg.549,PSPTO_0539,,fig|223283.9.peg.549
fig|223283.9.peg.5506,PSPTO_5380,,fig|223283.9.peg.5506
fig|223283.9.peg.5519,PSPTO_5393,,fig|223283.9.peg.5519
fig|223283.9.peg.552,PSPTO_0542,,fig|223283.9.peg.552
fig|223283.9.peg.5520,PSPTO_5394,,fig|223283.9.peg.5520
fig|223283.9.peg.5522,PSPTO_5396,,fig|223283.9.peg.5522
fig|223283.9.peg.5523,PSPTO_5397,,fig|223283.9.peg.5523
fig|223283.9.peg.5527,PSPTO_5401,,fig|223283.9.peg.5527
fig|223283.9.peg.553,PSPTO_0543,,fig|223283.9.peg.553
fig|223283.9.peg.559,PSPTO_0549,,fig|223283.9.peg.559
fig|223283.9.peg.5593,PSPTO_5461,,fig|223283.9.peg.5593
fig|223283.9.peg.5597,PSPTO_5464,,fig|223283.9.peg.5597
fig|223283.9.peg.5609,PSPTO_5475,,fig|223283.9.peg.5609
fig|223283.9.peg.5610,PSPTO_5476,,fig|223283.9.peg.5610
fig|223283.9.peg.5634,PSPTO_5499,,fig|223283.9.peg.5634
fig|223283.9.peg.5640,PSPTO_5504,,fig|223283.9.peg.5640
fig|223283.9.peg.5652,PSPTO_5516,,fig|223283.9.peg.5652
fig|223283.9.peg.5655,PSPTO_5519,,fig|223283.9.peg.5655
fig|223283.9.peg.5657,PSPTO_5521,,fig|223283.9.peg.5657
fig|223283.9.peg.5664,PSPTO_5528,,fig|223283.9.peg.5664
fig|223283.9.peg.5676,PSPTO_5541,,fig|223283.9.peg.5676
fig|223283.9.peg.5693,PSPTO_5557,,fig|223283.9.peg.5693
fig|223283.9.peg.5721,PSPTO_5585,,fig|223283.9.peg.5721
fig|223283.9.peg.5734,PSPTO_5597,,fig|223283.9.peg.5734
fig|223283.9.peg.5735,PSPTO_5598,,fig|223283.9.peg.5735
fig|223283.9.peg.5736,PSPTO_5599,,fig|223283.9.peg.5736
fig|223283.9.peg.5737,PSPTO_5600,,fig|223283.9.peg.5737
fig|223283.9.peg.5738,PSPTO_5601,,fig|223283.9.peg.5738
fig|223283.9.peg.5739,PSPTO_5602,,fig|223283.9.peg.5739
fig|223283.9.peg.5743,PSPTO_5606,,fig|223283.9.peg.5743
fig|223283.9.peg.575,PSPTO_0566,,fig|223283.9.peg.575
fig|223283.9.peg.5751,PSPTO_5614,,fig|223283.9.peg.5751
fig|223283.9.peg.5752,PSPTO_5615,,fig|223283.9.peg.5752
fig|223283.9.peg.577,PSPTO_0568,,fig|223283.9.peg.577
fig|223283.9.peg.5854,PSPTOA0032,,fig|223283.9.peg.5854
fig|223283.9.peg.597,PSPTO_0592,,fig|223283.9.peg.597
fig|223283.9.peg.598,PSPTO_0593,,fig|223283.9.peg.598
fig|223283.9.peg.599,PSPTO_0594,,fig|223283.9.peg.599
fig|223283.9.peg.603,PSPTO_0598,,fig|223283.9.peg.603
fig|223283.9.peg.609,PSPTO_0604,,fig|223283.9.peg.609
fig|223283.9.peg.613,PSPTO_0609,,fig|223283.9.peg.613
fig|223283.9.peg.616,PSPTO_0610,,fig|223283.9.peg.616
fig|223283.9.peg.617,PSPTO_0611,,fig|223283.9.peg.617
fig|223283.9.peg.622,PSPTO_0616,,fig|223283.9.peg.622
fig|223283.9.peg.623,PSPTO_0617,,fig|223283.9.peg.623
fig|223283.9.peg.625,PSPTO_0619,,fig|223283.9.peg.625
fig|223283.9.peg.626,PSPTO_0620,,fig|223283.9.peg.626
fig|223283.9.peg.627,PSPTO_0621,,fig|223283.9.peg.627
fig|223283.9.peg.628,PSPTO_0622,,fig|223283.9.peg.628
fig|223283.9.peg.631,PSPTO_0625,,fig|223283.9.peg.631
fig|223283.9.peg.632,PSPTO_0626,,fig|223283.9.peg.632
fig|223283.9.peg.633,PSPTO_0627,,fig|223283.9.peg.633
fig|223283.9.peg.634,PSPTO_0628,,fig|223283.9.peg.634
fig|223283.9.peg.635,PSPTO_0629,,fig|223283.9.peg.635
fig|223283.9.peg.636,PSPTO_0630,,fig|223283.9.peg.636
fig|223283.9.peg.637,PSPTO_0631,,fig|223283.9.peg.637
fig|223283.9.peg.638,PSPTO_0632,,fig|223283.9.peg.638
fig|223283.9.peg.639,PSPTO_0633,,fig|223283.9.peg.639
fig|223283.9.peg.640,PSPTO_0634,,fig|223283.9.peg.640
fig|223283.9.peg.641,PSPTO_0635,,fig|223283.9.peg.641
fig|223283.9.peg.642,PSPTO_0636,,fig|223283.9.peg.642
fig|223283.9.peg.643,PSPTO_0637,,fig|223283.9.peg.643
fig|223283.9.peg.644,PSPTO_0638,,fig|223283.9.peg.644
fig|223283.9.peg.645,PSPTO_0639,,fig|223283.9.peg.645
fig|223283.9.peg.646,PSPTO_0640,,fig|223283.9.peg.646
fig|223283.9.peg.647,PSPTO_0641,,fig|223283.9.peg.647
fig|223283.9.peg.648,PSPTO_0642,,fig|223283.9.peg.648
fig|223283.9.peg.649,PSPTO_0643,,fig|223283.9.peg.649
fig|223283.9.peg.650,PSPTO_0644,,fig|223283.9.peg.650
fig|223283.9.peg.651,PSPTO_0645,,fig|223283.9.peg.651
fig|223283.9.peg.653,PSPTO_0647,,fig|223283.9.peg.653
fig|223283.9.peg.654,PSPTO_0648,,fig|223283.9.peg.654
fig|223283.9.peg.655,PSPTO_0649,,fig|223283.9.peg.655
fig|223283.9.peg.656,PSPTO_0650,,fig|223283.9.peg.656
fig|223283.9.peg.657,PSPTO_0651,,fig|223283.9.peg.657
fig|223283.9.peg.658,PSPTO_0652,,fig|223283.9.peg.658
fig|223283.9.peg.662,PSPTO_0656,,fig|223283.9.peg.662
fig|223283.9.peg.666,PSPTO_0660,,fig|223283.9.peg.666
fig|223283.9.peg.667,PSPTO_0661,,fig|223283.9.peg.667
fig|223283.9.peg.668,PSPTO_0662,,fig|223283.9.peg.668
fig|223283.9.peg.669,PSPTO_0663,,fig|223283.9.peg.669
fig|223283.9.peg.684,PSPTO_0676,,fig|223283.9.peg.684
fig|223283.9.peg.685,PSPTO_0677,,fig|223283.9.peg.685
fig|223283.9.peg.686,PSPTO_0678,,fig|223283.9.peg.686
fig|223283.9.peg.698,PSPTO_0690,,fig|223283.9.peg.698
fig|223283.9.peg.699,PSPTO_0691,,fig|223283.9.peg.699
fig|223283.9.peg.700,PSPTO_0692,,fig|223283.9.peg.700
fig|223283.9.peg.701,PSPTO_0693,,fig|223283.9.peg.701
fig|223283.9.peg.704,PSPTO_0696,,fig|223283.9.peg.704
fig|223283.9.peg.706,PSPTO_0698,,fig|223283.9.peg.706
fig|223283.9.peg.707,PSPTO_0699,,fig|223283.9.peg.707
fig|223283.9.peg.709,PSPTO_0701,,fig|223283.9.peg.709
fig|223283.9.peg.730,PSPTO_0722,,fig|223283.9.peg.730
fig|223283.9.peg.734,PSPTO_0726,,fig|223283.9.peg.734
fig|223283.9.peg.735,PSPTO_0727,,fig|223283.9.peg.735
fig|223283.9.peg.736,PSPTO_0728,,fig|223283.9.peg.736
fig|223283.9.peg.752,PSPTO_0744,,fig|223283.9.peg.752
fig|223283.9.peg.758,PSPTO_0750,,fig|223283.9.peg.758
fig|223283.9.peg.76,PSPTO_0073,,fig|223283.9.peg.76
fig|223283.9.peg.765,PSPTO_0757,,fig|223283.9.peg.765
fig|223283.9.peg.768,PSPTO_0760,,fig|223283.9.peg.768
fig|223283.9.peg.769,PSPTO_0761,,fig|223283.9.peg.769
fig|223283.9.peg.771,PSPTO_0763,,fig|223283.9.peg.771
fig|223283.9.peg.773,PSPTO_0765,,fig|223283.9.peg.773
fig|223283.9.peg.78,PSPTO_0075,,fig|223283.9.peg.78
fig|223283.9.peg.781,PSPTO_0772,,fig|223283.9.peg.781
fig|223283.9.peg.783,PSPTO_0774,,fig|223283.9.peg.783
fig|223283.9.peg.794,PSPTO_0782,,fig|223283.9.peg.794
fig|223283.9.peg.800,PSPTO_0787,,fig|223283.9.peg.800
fig|223283.9.peg.810,PSPTO_0797,,fig|223283.9.peg.810
fig|223283.9.peg.811,PSPTO_0798,,fig|223283.9.peg.811
fig|223283.9.peg.814,PSPTO_0800,,fig|223283.9.peg.814
fig|223283.9.peg.816,PSPTO_0802,,fig|223283.9.peg.816
fig|223283.9.peg.818,PSPTO_0805,,fig|223283.9.peg.818
fig|223283.9.peg.819,PSPTO_0806,,fig|223283.9.peg.819
fig|223283.9.peg.822,PSPTO_0809,,fig|223283.9.peg.822
fig|223283.9.peg.830,PSPTO_0817,,fig|223283.9.peg.830
fig|223283.9.peg.84,PSPTO_0080,,fig|223283.9.peg.84
fig|223283.9.peg.851,PSPTO_0836,,fig|223283.9.peg.851
fig|223283.9.peg.87,PSPTO_0083,,fig|223283.9.peg.87
fig|223283.9.peg.89,PSPTO_0085,,fig|223283.9.peg.89
fig|223283.9.peg.897,PSPTO_0885,,fig|223283.9.peg.897
fig|223283.9.peg.898,PSPTO_0886,,fig|223283.9.peg.898
fig|223283.9.peg.93,PSPTO_0089,,fig|223283.9.peg.93
fig|223283.9.peg.933,PSPTO_0923,,fig|223283.9.peg.933
fig|223283.9.peg.94,PSPTO_0090,,fig|223283.9.peg.94
fig|223283.9.peg.958,PSPTO_0948,,fig|223283.9.peg.958
fig|223283.9.peg.96,PSPTO_0092,,fig|223283.9.peg.96
fig|223283.9.peg.964,PSPTO_0954,,fig|223283.9.peg.964
fig|223283.9.peg.965,PSPTO_0955,,fig|223283.9.peg.965
fig|223283.9.peg.966,PSPTO_0956,,fig|223283.9.peg.966
fig|223283.9.peg.967,PSPTO_0957,,fig|223283.9.peg.967
fig|223283.9.peg.969,PSPTO_0959,,fig|223283.9.peg.969
fig|223283.9.peg.970,PSPTO_0960,,fig|223283.9.peg.970
fig|223283.9.peg.971,PSPTO_0961,,fig|223283.9.peg.971
fig|223283.9.peg.972,PSPTO_0962,,fig|223283.9.peg.972
fig|223283.9.peg.980,PSPTO_0970,,fig|223283.9.peg.980
fig|223283.9.peg.986,PSPTO_0977,,fig|223283.9.peg.986
fig|223283.9.peg.990,PSPTO_0981,,fig|223283.9.peg.990
fig|223283.9.peg.991,PSPTO_0982,,fig|223283.9.peg.991
fig|223283.9.peg.993,PSPTO_0984,,fig|223283.9.peg.993