,id
0,rxn02201_c0
1,rxn00351_c0
2,rxn00836_c0
3,rxn00390_c0
4,rxn08180_c0
5,rxn00062_c0
6,rxn00423_c0
7,rxn00364_c0
8,rxn05561_c0
9,rxn03505_c0
10,rxn03408_c0
11,rxn02177_c0
12,rxn05250_c0
13,rxn00646_c0
14,rxn05440_c0
15,rxn00935_c0
16,rxn01673_c0
17,rxn00247_c0
18,rxn05625_c0
19,rxn02342_c0
20,rxn00642_c0
21,rxn00973_c0
22,rxn02000_c0
23,rxn03239_c0
24,rxn05063_c0
25,rxn05457_c0
26,rxn04271_c0
27,rxn13783_c0
28,rxn10118_c0
29,rxn05392_c0
30,rxn04070_c0
31,rxn00199_c0
32,rxn03433_c0
33,rxn10231_c0
34,rxn02944_c0
35,rxn01867_c0
36,rxn12637_c0
37,rxn03046_c0
38,rxn09240_c0
39,rxn01219_c0
40,rxn00519_c0
41,rxn00258_c0
42,rxn00800_c0
43,rxn09177_c0
44,rxn00211_c0
45,rxn00179_c0
46,rxn01210_c0
47,rxn00730_c0
48,rxn00192_c0
49,rxn01218_c0
50,rxn05367_c0
51,rxn03456_c0
52,rxn03360_c0
53,rxn00509_c0
54,rxn02898_c0
55,rxn05654_c0
56,rxn01199_c0
57,rxn08807_c0
58,rxn05614_c0
59,rxn00501_c0
60,rxn00257_c0
61,rxn10344_c0
62,rxn01547_c0
63,rxn10336_c0
64,rxn02320_c0
65,rxn03384_c0
66,rxn05167_c0
67,rxn06488_c0
68,rxn02504_c0
69,rxn04082_c0
70,rxn03506_c0
71,rxn04996_c0
72,rxn00262_c0
73,rxn05404_c0
74,rxn02796_c0
75,rxn10262_c0
76,rxn10126_c0
77,rxn10209_c0
78,rxn10225_c0
79,rxn03463_c0
80,rxn00898_c0
81,rxn05444_c0
82,rxn10205_c0
83,rxn05040_c0
84,rxn05400_c0
85,rxn00890_c0
86,rxn01636_c0
87,rxn02090_c0
88,rxn08556_c0
89,rxn01843_c0
90,rxn01750_c0
91,rxn02988_c0
92,rxn04792_c0
93,rxn01243_c0
94,rxn00165_c0
95,rxn10228_c0
96,rxn05814_c0
97,rxn05542_c0
98,rxn00539_c0
99,rxn11726_c0
100,rxn00678_c0
101,rxn00001_c0
102,rxn01331_c0
103,rxn07741_c0
104,rxn05545_c0
105,rxn00671_c0
106,rxn11268_c0
107,rxn00710_c0
108,rxn02305_c0
109,rxn00470_c0
110,rxn08817_c0
111,rxn00910_c0
112,rxn00953_c0
113,rxn11944_c0
114,rxn08296_c0
115,rxn05541_c0
116,rxn00717_c0
117,rxn05647_c0
118,rxn01297_c0
119,rxn10254_c0
120,rxn05459_c0
121,rxn05453_c0
122,rxn01682_c0
123,rxn08796_c0
124,rxn03142_c0
125,rxn03181_c0
126,rxn02586_c0
127,rxn01604_c0
128,rxn02331_c0
129,rxn06493_c0
130,rxn12846_c0
131,rxn00337_c0
132,rxn05221_c0
133,rxn08308_c0
134,rxn00208_c0
135,rxn08823_c0
136,rxn05434_c0
137,rxn00140_c0
138,rxn05346_c0
139,rxn00867_c0
140,rxn07680_c0
141,rxn03248_c0
142,rxn08127_c0
143,rxn05516_c0
144,rxn05142_c0
145,rxn05733_c0
146,rxn00416_c0
147,rxn01830_c0
148,rxn09206_c0
149,rxn01134_c0
150,rxn02376_c0
151,rxn10147_c0
152,rxn09209_c0
153,rxn12512_c0
154,rxn08669_c0
155,rxn00902_c0
156,rxn06672_c0
157,rxn02961_c0
158,rxn03872_c0
159,rxn00649_c0
160,rxn01739_c0
161,rxn02400_c0
162,rxn01268_c0
163,rxn01528_c0
164,rxn00641_c0
165,rxn00361_c0
166,rxn01974_c0
167,rxn01640_c0
168,rxn00242_c0
169,rxn12641_c0
170,rxn00568_c0
171,rxn08971_c0
172,rxn13400_c0
173,rxn05104_c0
174,rxn01635_c0
175,rxn08471_c0
176,rxn03057_c0
177,rxn04384_c0
178,rxn03887_c0
179,rxn00060_c0
180,rxn00225_c0
181,rxn05350_c0
182,rxn09198_c0
183,rxn08838_c0
184,rxn00780_c0
185,rxn05064_c0
186,rxn00148_c0
187,rxn01102_c0
188,rxn05569_c0
189,rxn05358_c0
190,rxn00100_c0
191,rxn02842_c0
192,rxn00789_c0
193,rxn02374_c0
194,rxn05560_c0
195,rxn05437_c0
196,rxn05158_c0
197,rxn08976_c0
198,rxn00781_c0
199,rxn05319_c0
200,rxn00881_c0
201,rxn05408_c0
202,rxn10337_c0
203,rxn02412_c0
204,rxn00292_c0
205,rxn04722_c0
206,rxn02122_c0
207,rxn05401_c0
208,rxn02264_c0
209,rxn10116_c0
210,rxn10338_c0
211,rxn03185_c0
212,rxn09202_c0
213,rxn07177_c0
214,rxn01451_c0
215,rxn02687_c0
216,rxn03903_c0
217,rxn00097_c0
218,rxn05514_c0
219,rxn02212_c0
220,rxn07670_c0
221,rxn05116_c0
222,rxn02768_c0
223,rxn05324_c0
224,rxn10481_c0
225,rxn03535_c0
226,rxn00655_c0
227,rxn00692_c0
228,rxn01492_c0
229,rxn00802_c0
230,rxn02160_c0
231,rxn08802_c0
232,rxn01825_c0
233,rxn10230_c0
234,rxn05413_c0
235,rxn00913_c0
236,rxn01997_c0
237,rxn08521_c0
238,rxn08809_c0
239,rxn03958_c0
240,rxn00259_c0
241,rxn00131_c0
242,rxn00345_c0
243,rxn05578_c0
244,rxn07219_c0
245,rxn00178_c0
246,rxn01362_c0
247,rxn03174_c0
248,rxn10125_c0
249,rxn05161_c0
250,rxn00549_c0
251,rxn03951_c0
252,rxn07875_c0
253,rxn05418_c0
254,rxn00506_c0
255,rxn11723_c0
256,rxn10060_c0
257,rxn02933_c0
258,rxn02261_c0
259,rxn00727_c0
260,rxn05617_c0
261,rxn12638_c0
262,rxn05243_c0
263,rxn05127_c0
264,rxn00305_c0
265,rxn01445_c0
266,rxn05248_c0
267,rxn00612_c0
268,rxn05539_c0
269,rxn08841_c0
270,rxn05461_c0
271,rxn07312_c0
272,rxn01701_c0
273,rxn02159_c0
274,rxn01111_c0
275,rxn10222_c0
276,rxn00269_c0
277,rxn10263_c0
278,rxn02791_c0
279,rxn05466_c0
280,rxn08814_c0
281,rxn08845_c0
282,rxn01292_c0
283,rxn00375_c0
284,rxn00300_c0
285,rxn02380_c0
286,rxn02026_c0
287,rxn00999_c0
288,rxn05417_c0
289,rxn08799_c0
290,rxn05049_c0
291,rxn05585_c0
292,rxn00433_c0
293,rxn01804_c0
294,rxn01157_c0
295,rxn05957_c0
296,rxn04135_c0
297,rxn03419_c0
298,rxn08551_c0
299,rxn10256_c0
300,rxn00679_c0
301,rxn00758_c0
302,rxn02975_c0
303,rxn04743_c0
304,rxn00638_c0
305,rxn09111_c0
306,rxn12432_c0
307,rxn01746_c0
308,rxn06078_c0
309,rxn05607_c0
310,rxn03848_c0
311,rxn05348_c0
312,rxn10181_c0
313,rxn05435_c0
314,rxn00798_c0
315,rxn03245_c0
316,rxn11946_c0
317,rxn01504_c0
318,rxn00907_c0
319,rxn05458_c0
320,rxn08300_c0
321,rxn02404_c0
322,rxn08297_c0
323,rxn02911_c0
324,rxn00012_c0
325,rxn10067_c0
326,rxn02444_c0
327,rxn05581_c0
328,rxn07721_c0
329,rxn05450_c0
330,rxn12847_c0
331,rxn05410_c0
332,rxn05443_c0
333,rxn09320_c0
334,rxn09114_c0
335,rxn05535_c0
336,rxn08822_c0
337,rxn02821_c0
338,rxn10208_c0
339,rxn04630_c0
340,rxn05345_c0
341,rxn04068_c0
342,rxn01522_c0
343,rxn00336_c0
344,rxn05422_c0
345,rxn01465_c0
346,rxn03052_c0
347,rxn10204_c0
348,rxn05145_c0
349,rxn01872_c0
350,rxn01301_c0
351,rxn01643_c0
352,rxn04457_c0
353,rxn07574_c0
354,rxn00295_c0
355,rxn08844_c0
356,rxn05385_c0
357,rxn00707_c0
358,rxn06937_c0
359,rxn01637_c0
360,rxn05564_c0
361,rxn03095_c0
362,rxn00566_c0
363,rxn00708_c0
364,rxn00289_c0
365,rxn03762_c0
366,rxn01269_c0
367,rxn00392_c0
368,rxn00747_c0
369,rxn01334_c0
370,rxn03807_c0
371,rxn01108_c0
372,rxn05219_c0
373,rxn10113_c0
374,rxn00879_c0
375,rxn03406_c0
376,rxn00029_c0
377,rxn06673_c0
378,rxn07734_c0
379,rxn12646_c0
380,rxn06777_c0
381,rxn03869_c0
382,rxn05256_c0
383,rxn05448_c0
384,rxn05446_c0
385,rxn02175_c0
386,rxn01634_c0
387,rxn00020_c0
388,rxn02835_c0
389,rxn03440_c0
390,rxn03884_c0
391,rxn04385_c0
392,rxn01675_c0
393,rxn00324_c0
394,rxn08839_c0
395,rxn03289_c0
396,rxn03536_c0
397,rxn00149_c0
398,rxn01575_c0
399,rxn05150_c0
400,rxn00656_c0
401,rxn10335_c0
402,rxn02009_c0
403,rxn01315_c0
404,rxn01868_c0
405,rxn03240_c0
406,rxn09562_c0
407,rxn05359_c0
408,rxn06098_c0
409,rxn00555_c0
410,rxn03282_c0
411,rxn01828_c0
412,rxn03080_c0
413,rxn10237_c0
414,rxn01044_c0
415,rxn07845_c0
416,rxn12644_c0
417,rxn00147_c0
418,rxn00737_c0
419,rxn05292_c0
420,rxn08843_c0
421,rxn04723_c0
422,rxn01256_c0
423,rxn00213_c0
424,rxn10162_c0
425,rxn00777_c0
426,rxn05164_c0
427,rxn13784_c0
428,rxn01740_c0
429,rxn05533_c0
430,rxn02642_c0
431,rxn00968_c0
432,rxn05327_c0
433,rxn04841_c0
434,rxn01013_c0
435,rxn05655_c0
436,rxn02314_c0
437,rxn08801_c0
438,rxn02275_c0
439,rxn05244_c0
440,rxn00503_c0
441,rxn00927_c0
442,rxn00251_c0
443,rxn01545_c0
444,rxn04043_c0
445,rxn03508_c0
446,rxn00139_c0
447,rxn07261_c0
448,rxn00920_c0
449,rxn00790_c0
450,rxn03910_c0
451,rxn00237_c0
452,rxn07100_c0
453,rxn10342_c0
454,rxn03540_c0
455,rxn08311_c0
456,rxn03175_c0
457,rxn10264_c0
458,rxn03421_c0
459,rxn10227_c0
460,rxn01146_c0
461,rxn05336_c0
462,rxn09210_c0
463,rxn06022_c0
464,rxn02260_c0
465,rxn01124_c0
466,rxn00285_c0
467,rxn05371_c0
468,rxn07584_c0
469,rxn00182_c0
470,rxn05552_c0
471,rxn01416_c0
472,rxn05567_c0
473,rxn02181_c0
474,rxn00532_c0
475,rxn05172_c0
476,rxn01642_c0
477,rxn00132_c0
478,rxn11724_c0
479,rxn01204_c0
480,rxn04052_c0
481,rxn08954_c0
482,rxn02819_c0
483,rxn13999_c0
484,rxn01479_c0
485,rxn08615_c0
486,rxn12850_c0
487,rxn08815_c0
488,rxn00472_c0
489,rxn00126_c0
490,rxn01015_c0
491,rxn12844_c0
492,rxn08798_c0
493,rxn05175_c0
494,rxn08618_c0
495,rxn05034_c0
496,rxn02584_c0
497,rxn08306_c0
498,rxn08821_c0
499,rxn00206_c0
500,rxn01871_c0
501,rxn05340_c0
502,rxn13952_c0
503,rxn00484_c0
504,rxn00405_c0
505,rxn04704_c0
506,rxn05307_c0
507,rxn01169_c0
508,rxn14301_c0
509,rxn00299_c0
510,rxn08546_c0
511,rxn00756_c0
512,rxn05389_c0
513,rxn08900_c0
514,rxn07230_c0
515,rxn04737_c0
516,rxn02379_c0
517,rxn05735_c0
518,rxn07578_c0
519,rxn03921_c0
520,rxn11587_c0
521,rxn00904_c0
522,rxn02484_c0
523,rxn00013_c0
524,rxn02916_c0
525,rxn03618_c0
526,rxn12639_c0
527,rxn03159_c0
528,rxn01000_c0
529,rxn00363_c0
530,rxn01462_c0
531,rxn08128_c0
532,rxn00705_c0
533,rxn01670_c0
534,rxn12643_c0
535,rxn05183_c0
536,rxn01904_c0
537,rxn01300_c0
538,rxn02334_c0
539,rxn02173_c0
540,rxn00786_c0
541,rxn01572_c0
542,rxn14054_c0
543,rxn03012_c0
544,rxn10195_c0
545,rxn03908_c0
546,rxn09197_c0
547,rxn01100_c0
548,rxn00838_c0
549,rxn08707_c0
550,rxn02283_c0
551,rxn03287_c0
552,rxn00512_c0
553,rxn05396_c0
554,rxn00831_c0
555,rxn12634_c0
556,rxn00883_c0
557,rxn01255_c0
558,rxn05872_c0
559,rxn04727_c0
560,rxn00776_c0
561,rxn05251_c0
562,rxn05485_c0
563,rxn14089_c0
564,rxn00214_c0
565,rxn01211_c0
566,rxn00527_c0
567,rxn00095_c0
568,rxn05322_c0
569,rxn12848_c0
570,rxn03537_c0
571,rxn01989_c0
572,rxn08804_c0
573,rxn00966_c0
574,rxn13782_c0
575,rxn04270_c0
576,rxn05430_c0
577,rxn06099_c0
578,rxn11838_c0
579,rxn01580_c0
580,rxn01917_c0
581,rxn10236_c0
582,rxn02429_c0
583,rxn08527_c0
584,rxn05501_c0
585,rxn01509_c0
586,rxn02011_c0
587,rxn00173_c0
588,rxn08528_c0
589,rxn01145_c0
590,rxn09205_c0
591,rxn05163_c0
592,rxn05364_c0
593,rxn01854_c0
594,rxn09201_c0
595,rxn05574_c0
596,rxn05202_c0
597,rxn00508_c0
598,rxn03035_c0
599,rxn02115_c0
600,rxn10122_c0
601,rxn05547_c0
602,rxn11721_c0
603,rxn08352_c0
604,rxn00187_c0
605,rxn00376_c0
606,rxn02466_c0
607,rxn08850_c0
608,rxn05734_c0
609,rxn00772_c0
610,rxn02229_c0
611,rxn00721_c0
612,rxn08812_c0
613,rxn05682_c0
614,rxn02503_c0
615,rxn05338_c0
616,rxn02262_c0
617,rxn03135_c0
618,rxn12146_c0
619,rxn01345_c0
620,rxn05429_c0
621,rxn08310_c0
622,rxn00915_c0
623,rxn02853_c0
624,rxn01967_c0
625,rxn06752_c0
626,rxn10224_c0
627,rxn05337_c0
628,rxn01135_c0
629,rxn02067_c0
630,rxn01477_c0
631,rxn01653_c0
632,rxn00474_c0
633,rxn03147_c0
634,rxn03843_c0
635,rxn05376_c0
636,rxn08557_c0
637,rxn01842_c0
638,rxn01802_c0
639,rxn11809_c0
640,rxn01116_c0
641,rxn02182_c0
642,rxn02811_c0
643,rxn03062_c0
644,rxn10258_c0
645,rxn08847_c0
646,rxn05608_c0
647,rxn00670_c0
648,rxn01544_c0
649,rxn00863_c0
650,rxn09113_c0
651,rxn11719_c0
652,rxn00711_c0
653,rxn05557_c0
654,rxn10184_c0
655,rxn01270_c0
656,rxn00908_c0
657,rxn08299_c0
658,rxn08711_c0
659,rxn00795_c0
660,rxn14090_c0
661,rxn02402_c0
662,rxn05673_c0
663,rxn05452_c0
664,rxn01607_c0
665,rxn05465_c0
666,rxn12845_c0
667,rxn08820_c0
668,rxn05380_c0
669,rxn05347_c0
670,rxn04413_c0
671,rxn00404_c0
672,rxn08126_c0
673,rxn03407_c0
674,rxn08547_c0
675,rxn03050_c0
676,rxn05143_c0
677,rxn05388_c0
678,rxn01404_c0
679,rxn01870_c0
680,rxn01303_c0
681,rxn08901_c0
682,rxn00113_c0
683,rxn04736_c0
684,rxn00497_c0
685,rxn07579_c0
686,rxn00297_c0
687,rxn00137_c0
688,rxn06023_c0
689,rxn00611_c0
690,rxn01678_c0
691,rxn00872_c0
692,rxn00832_c0
693,rxn05871_c0
694,rxn01106_c0
695,rxn12640_c0
696,rxn00977_c0
697,rxn08438_c0
698,rxn00931_c0
699,rxn01188_c0
700,rxn02418_c0
701,rxn08756_c0
702,rxn08470_c0
703,rxn01456_c0
704,rxn09450_c0
705,rxn00938_c0
706,rxn04938_c0
707,rxn05527_c0
708,rxn00412_c0
709,rxn02339_c0
710,rxn00650_c0
711,rxn05152_c0
712,rxn02737_c0
713,rxn00515_c0
714,rxn08846_c0
715,rxn05397_c0
716,rxn03005_c0
717,rxn05012_c0
718,rxn03437_c0
719,rxn01353_c0
720,rxn10235_c0
721,rxn12633_c0
722,rxn00882_c0
723,rxn03244_c0
724,rxn00616_c0
725,rxn03347_c0
726,rxn04237_c0
727,rxn01639_c0
728,rxn05409_c0
729,rxn03263_c0
730,rxn06723_c0
731,rxn00313_c0
732,rxn02949_c0
733,rxn06570_c0
734,rxn00735_c0
735,rxn04278_c0
736,rxn10160_c0
737,rxn00775_c0
738,rxn02680_c0
739,rxn05405_c0
740,rxn10571_c0
741,rxn05363_c0
742,rxn00547_c0
743,rxn01192_c0
744,rxn04750_c0
745,rxn05325_c0
746,rxn08647_c0
747,rxn11040_c0
748,rxn03842_c0
749,rxn10168_c0
750,rxn05610_c0
751,rxn03366_c0
752,rxn02421_c0
753,rxn10042_c0
754,rxn08803_c0
755,rxn01053_c0
756,rxn02312_c0
757,rxn03422_c0
758,rxn02895_c0
759,rxn07295_c0
760,rxn01066_c0
761,rxn02934_c0
762,rxn07688_c0
763,rxn01814_c0
764,rxn00189_c0
765,rxn02508_c0
766,rxn05442_c0
767,rxn00543_c0
768,rxn01996_c0
769,rxn00428_c0
770,rxn10340_c0
771,rxn00420_c0
772,rxn09657_c0
773,rxn10253_c0
774,rxn10207_c0
775,rxn10221_c0
776,rxn02792_c0
777,rxn05451_c0
778,rxn00469_c0
779,rxn02804_c0
780,rxn02784_c0
781,rxn05005_c0
782,rxn00548_c0
783,rxn02795_c0
784,rxn10203_c0
785,rxn02939_c0
786,rxn04715_c0
787,rxn00048_c0
788,rxn07876_c0
789,rxn12191_c0
790,rxn05231_c0
791,rxn09200_c0
792,rxn00283_c0
793,rxn11722_c0
794,rxn00726_c0
795,rxn00379_c0
796,rxn01025_c0
797,rxn08851_c0
798,rxn02155_c0
799,rxn05549_c0
800,rxn02866_c0
801,rxn05975_c0
802,rxn01754_c0
803,rxn08552_c0
804,rxn05170_c0
805,rxn02475_c0
806,rxn01273_c0
807,rxn05339_c0
808,rxn05460_c0
809,rxn03108_c0
810,rxn07449_c0
811,rxn01018_c0
812,rxn04132_c0
813,rxn00714_c0
814,rxn08813_c0
815,rxn05506_c0
816,rxn00124_c0
817,rxn11801_c0
818,rxn00634_c0
819,rxn00947_c0
820,rxn03247_c0
821,rxn10210_c0
822,rxn01476_c0
823,rxn00205_c0
824,rxn02576_c0
825,rxn03146_c0
826,rxn11650_c0
827,rxn03893_c0
828,rxn02789_c0
829,rxn00988_c0
830,rxn01600_c0
831,rxn05455_c0
832,rxn00410_c0
833,rxn03063_c0
834,rxn01333_c0
835,rxn02925_c0
836,rxn10257_c0
837,rxn06394_c0
838,rxn12510_c0
839,rxn03933_c0
840,rxn07684_c0
841,rxn05342_c0
842,rxn00407_c0
843,rxn00333_c0
844,rxn05146_c0
845,rxn05737_c0
846,rxn00414_c0
847,rxn09110_c0
848,rxn00529_c0
849,rxn03970_c0
850,rxn05594_c0
851,rxn00159_c0
852,rxn05349_c0
853,rxn00303_c0
854,rxn05512_c0
855,rxn00799_c0
856,rxn01977_c0
857,rxn11585_c0
858,rxn01073_c0
859,rxn02405_c0
860,rxn00011_c0
861,rxn02200_c0
862,rxn01069_c0
863,rxn05528_c0
864,rxn00791_c0
865,rxn02883_c0
866,rxn03150_c0
867,rxn05108_c0
868,rxn00065_c0
869,rxn01827_c0
870,rxn00358_c0
871,rxn02321_c0
872,rxn01672_c0
873,rxn05312_c0
874,rxn08975_c0
875,rxn03378_c0
876,rxn00105_c0
877,rxn03243_c0
878,rxn03446_c0
879,rxn01302_c0
880,rxn00025_c0
881,rxn14359_c0
882,rxn00490_c0
883,rxn03880_c0
884,rxn00101_c0
885,rxn02130_c0
886,rxn00223_c0
887,rxn00784_c0
888,rxn05029_c0
889,rxn00456_c0
890,rxn05393_c0
891,rxn01418_c0
892,rxn00328_c0
893,rxn02285_c0
894,rxn02303_c0
895,rxn02889_c0
896,rxn05663_c0
897,rxn00559_c0
898,rxn01109_c0
899,rxn08848_c0
900,rxn07883_c0
901,rxn10194_c0
902,rxn00691_c0
903,rxn08840_c0
904,rxn03923_c0
905,rxn06577_c0
906,rxn00290_c0
907,rxn03907_c0
908,rxn01987_c0
909,rxn03538_c0
910,rxn09310_c0
911,rxn02834_c0
912,rxn01213_c0
913,rxn06647_c0
914,rxn03860_c0
915,rxn05092_c0
916,rxn00459_c0
917,rxn02085_c0
918,rxn03932_c0
919,rxn12851_c0
920,rxn00770_c0
921,rxn10334_c0
922,rxn05153_c0
923,rxn10945_c0
924,rxn08806_c0
925,rxn05436_c0
926,rxn05195_c0
927,rxn05209_c0
928,rxn06377_c0
929,rxn10234_c0
930,rxn10121_c0
931,rxn00312_c0
932,rxn06197_c0
933,rxn01208_c0
934,rxn10163_c0
935,rxn05618_c0
936,rxn10474_c0
937,rxn00260_c0
938,rxn03380_c0
939,rxn07454_c0
940,rxn00461_c0
941,rxn05613_c0
942,rxn06037_c0
943,rxn00817_c0
944,rxn00181_c0
945,rxn05247_c0
946,rxn02460_c0
947,rxn03136_c0
948,rxn00222_c0
949,rxn10229_c0
950,rxn01387_c0
951,rxn00818_c0
952,rxn11727_c0
953,rxn02693_c0
954,rxn02937_c0
955,rxn08810_c0
956,rxn03467_c0
957,rxn01652_c0
958,rxn05493_c0
959,rxn00350_c0
960,rxn03137_c0
961,rxn10343_c0
962,rxn05544_c0
963,rxn01115_c0
964,rxn08818_c0
965,rxn05239_c0
966,rxn08312_c0
967,rxn00952_c0
968,rxn01396_c0
969,rxn00161_c0
970,rxn01961_c0
971,rxn01517_c0
972,rxn00371_c0
973,rxn06750_c0
974,rxn10226_c0
975,rxn09978_c0
976,rxn09211_c0
977,rxn01807_c0
978,rxn05006_c0
979,rxn04706_c0
980,rxn12206_c0
981,rxn01299_c0
982,rxn01800_c0
983,rxn02107_c0
984,rxn08309_c0
985,rxn05379_c0
986,rxn01512_c0
987,rxn08655_c0
988,rxn03841_c0
989,rxn00866_c0
990,rxn04954_c0
991,rxn06865_c0
992,rxn03249_c0
993,rxn04113_c0
994,rxn00676_c0
995,rxn05551_c0
996,rxn06515_c0
997,rxn05909_c0
998,rxn05599_c0
999,rxn01257_c0
1000,rxn09272_c0
1001,rxn03845_c0
1002,rxn00903_c0
1003,rxn00980_c0
1004,rxn08469_c0
1005,rxn01216_c0
1006,rxn02213_c0
1007,rxn05441_c0
1008,rxn03365_c0
1009,rxn01429_c0
1010,rxn00086_c0
1011,rxn03871_c0
1012,rxn04989_c0
1013,rxn03879_c0
1014,rxn05454_c0
1015,rxn01127_c0
1016,rxn01461_c0
1017,rxn05537_c0
1018,rxn02569_c0
1019,rxn04908_c0
1020,rxn05226_c0
1021,rxn08548_c0
1022,rxn00615_c0
1023,rxn08468_c0
1024,rxn06160_c0
1025,rxn05445_c0
1026,rxn07493_c0
1027,rxn00569_c0
1028,rxn05341_c0
1029,rxn00406_c0
1030,rxn03393_c0
1031,rxn05449_c0
1032,rxn06805_c0
1033,rxn03971_c0
1034,rxn10206_c0
1035,rxn00083_c0
1036,rxn00291_c0
1037,rxn00495_c0
1038,rxn06870_c0
1039,rxn10202_c0
1040,rxn06735_c0
1041,rxn06804_c0
1042,rxn02483_c0
1043,rxn03236_c0
1044,rxn01265_c0
1045,rxn00874_c0
1046,rxn00834_c0
1047,rxn00782_c0
1048,rxn01187_c0
1049,rxn02369_c0
1050,rxn05189_c0
1051,rxn00704_c0
1052,rxn01459_c0
1053,rxn05252_c0
1054,rxn01671_c0
1055,rxn02362_c0
1056,rxn05627_c0
1057,rxn01630_c0
1058,rxn12642_c0
1059,rxn05313_c0
1060,rxn10339_c0
1061,rxn05620_c0
1062,rxn07673_c0
1063,rxn01332_c0
1064,rxn08433_c0
1065,rxn02045_c0
1066,rxn01530_c0
1067,rxn03881_c0
1068,rxn01499_c0
1069,rxn00320_c0
1070,rxn00785_c0
1071,rxn00693_c0
1072,rxn03909_c0
1073,rxn10806_c0
1074,rxn01101_c0
1075,rxn03084_c0
1076,rxn02007_c0
1077,rxn10233_c0
1078,rxn06600_c0
1079,rxn00216_c0
1080,rxn06728_c0
1081,rxn02005_c0
1082,rxn08808_c0
1083,rxn00558_c0
1084,rxn12635_c0
1085,rxn04726_c0
1086,rxn00550_c0
1087,rxn07841_c0
1088,rxn00806_c0
1089,rxn05328_c0
1090,rxn05160_c0
1091,rxn02199_c0
1092,rxn05024_c0
1093,rxn01851_c0
1094,rxn11834_c0
1095,rxn05201_c0
1096,rxn09449_c0
1097,rxn03630_c0
1098,rxn05323_c0
1099,rxn03002_c0
1100,rxn00314_c0
1101,rxn05656_c0
1102,rxn05538_c0
1103,rxn05616_c0
1104,rxn08805_c0
1105,rxn01507_c0
1106,rxn01790_c0
1107,rxn05651_c0
1108,rxn00077_c0
1109,rxn01388_c0
1110,rxn02391_c0
1111,rxn03638_c0
1112,rxn05438_c0
1113,rxn02897_c0
1114,rxn05126_c0
1115,rxn01406_c0
1116,rxn01919_c0
1117,rxn05249_c0
1118,rxn07413_c0
1119,rxn02277_c0
1120,rxn10223_c0
1121,rxn04658_c0
1122,rxn02596_c0
1123,rxn00991_c0
1124,rxn10260_c0
1125,rxn03915_c0
1126,rxn03242_c0
1127,rxn00541_c0
1128,rxn01368_c0
1129,rxn00629_c0
1130,rxn00134_c0
1131,rxn01480_c0
1132,rxn09199_c0
1133,rxn05233_c0
1134,rxn09109_c0
1135,rxn00141_c0
1136,rxn02003_c0
1137,rxn07056_c0
1138,rxn05375_c0
1139,rxn14294_c0
1140,rxn01200_c0
1141,rxn08558_c0
1142,rxn01241_c0
1143,rxn00130_c0
1144,rxn11720_c0
1145,rxn00859_c0
1146,rxn00438_c0
1147,rxn04744_c0
1148,rxn00288_c0
1149,rxn02185_c0
1150,rxn00763_c0
1151,rxn08550_c0
1152,rxn00819_c0
1153,rxn05176_c0
1154,rxn08811_c0
1155,rxn02473_c0
1156,rxn01275_c0
1157,rxn10174_c0
1158,rxn06060_c0
1159,rxn08656_c0
1160,rxn06690_c0
1161,rxn01434_c0
1162,rxn00912_c0
1163,rxn05644_c0
1164,rxn12147_c0
1165,rxn08819_c0
1166,rxn02345_c0
1167,rxn03849_c0
1168,rxn03512_c0
1169,rxn00122_c0
1170,rxn09979_c0
1171,rxn06076_c0
1172,rxn00985_c0
1173,rxn01011_c0
1174,rxn12849_c0
1175,rxn05301_c0
1176,rxn08294_c0
1177,rxn05179_c0
1178,rxn10259_c0
1179,rxn01602_c0
1180,rxn07720_c0
1181,rxn08094_c0
1182,rxn00794_c0
1183,rxn01887_c0
1184,rxn08467_c0
1185,rxn03061_c0
1186,rxn02927_c0
1187,rxn05433_c0
1188,rxn04631_c0
1189,rxn05344_c0
1190,rxn03241_c0
1191,rxn01521_c0
1192,rxn12636_c0
1193,rxn11759_c0
1194,rxn07725_c0
1195,rxn05414_c0
1196,rxn00338_c0
1197,rxn05384_c0
1198,rxn01975_c0
1199,rxn00700_c0
1200,rxn02373_c0
1201,rxn03839_c0
1202,rxn03094_c0
1203,rxn06631_c0
1204,rxn00085_c0
1205,rxn00119_c0
1206,rxn02529_c0
1207,rxn11749_c0
1208,rxn03878_c0
1209,rxn04453_c0
1210,rxn08549_c0
1211,rxn05468_c0
1212,rxn09345_c0
1213,rxn05447_c0
1214,rxn01633_c0
1215,rxn01466_c0
1216,rxn05106_c0
1217,rxn03409_c0
1218,rxn09692_c0
1219,rxn00974_c0
1220,rxn01948_c0
1221,rxn02882_c0
1222,rxn00744_c0
1223,rxn02008_c0
1224,rxn05740_c0
1225,rxn09203_c0
1226,rxn03904_c0
1227,rxn01225_c0
1228,rxn07842_c0
1229,rxn01171_c0
1230,rxn03931_c0
1231,rxn02288_c0
1232,rxn10199_c0
1233,rxn00783_c0
1234,rxn00409_c0
1235,rxn01107_c0
1236,rxn07885_c0
1237,rxn05534_c0
1238,rxn01258_c0
1239,rxn08842_c0
1240,rxn05669_c0
1241,rxn00778_c0
1242,rxn03901_c0
1243,rxn02832_c0
1244,rxn05621_c0
1245,rxn10052_c0
1246,rxn07672_c0
1247,rxn04133_c0
1248,rxn05540_c0
1249,rxn00193_c0
1250,rxn14167_c0
1251,rxn05326_c0
1252,rxn06760_c0
1253,rxn04840_c0
1254,rxn05197_c0
1255,rxn00653_c0
1256,rxn05507_c0
1257,rxn05155_c0
1258,rxn00929_c0
1259,rxn08800_c0
1260,rxn11892_c0
1261,rxn00256_c0
1262,rxn03644_c0
1263,rxn03507_c0
1264,rxn03004_c0
1265,rxn10232_c0
1266,rxn00138_c0
1267,rxn05536_c0
1268,rxn06729_c0
1269,rxn00921_c0
1270,rxn05168_c0
1271,rxn02015_c0
1272,rxn05546_c0
1273,rxn00347_c0
1274,rxn05054_c0
1275,rxn02167_c0
1276,rxn05368_c0
1277,rxn01858_c0
1278,rxn01621_c0
1279,rxn10770_c0
1280,rxn01364_c0
1281,rxn00231_c0
1282,rxn10161_c0
1283,rxn05360_c0
1284,rxn02297_c0
1285,rxn05421_c0
1286,rxn04694_c0
1287,rxn00897_c0
1288,rxn01485_c0
1289,rxn05206_c0
1290,rxn03031_c0
1291,rxn09207_c0
1292,rxn09296_c0
1293,rxn00239_c0
1294,rxn00441_c0
1295,rxn00302_c0
1296,rxn02465_c0
1297,rxn02222_c0
1298,rxn02093_c0
1299,rxn03130_c0
1300,rxn01791_c0
1301,rxn00183_c0
1302,rxn01148_c0
1303,rxn00623_c0
1304,rxn03333_c0
1305,rxn11725_c0
1306,rxn06526_c0
1307,rxn05543_c0
1308,rxn11609_c0
1309,rxn03465_c0
1310,rxn01329_c0
1311,rxn00950_c0
1312,rxn00002_c0
1313,rxn02507_c0
1314,rxn00542_c0
1315,rxn01029_c0
1316,rxn10341_c0
1317,rxn05937_c0
1318,rxn10220_c0
1319,rxn05464_c0
1320,rxn10261_c0
1321,rxn01964_c0
1322,rxn08816_c0
1323,rxn02341_c0
1324,rxn06591_c0
1325,rxn01519_c0
1326,rxn01137_c0
1327,rxn01014_c0
1328,rxn10255_c0
1329,rxn08797_c0
1330,rxn01805_c0
1331,rxn00127_c0
1332,rxn06759_c0
1333,rxn09108_c0
1334,rxn00224_c0
1335,rxn03323_c0
1336,rxn01513_c0
1337,rxn05372_c0
1338,rxn06510_c0
1339,rxn02105_c0
1340,rxn08307_c0
1341,rxn05426_c0
1342,rxn00209_c0
1343,rxn01274_c0
1344,rxn02474_c0
1345,rxn02230_c0
1346,rxn03246_c0
1347,rxn04783_c0
1348,rxn06517_c0
1349,rxn02144_c0
1350,rxn00604_c0
1351,rxn08657_c0
1352,rxn12645_c0
1353,rxn05306_c0
1354,rxn05605_c0
1355,rxn01019_c0
1356,rxn08849_c0
1357,rxn09448_c0
1358,rxn09208_c0
1359,rxn05439_c0
1360,rxn02406_c0
1361,rxn05305_c0
1362,rxn08295_c0
1363,rxn05638_c0
1364,rxn02914_c0
1365,rxn01603_c0
1366,rxn00055_c0
1367,rxn00686_c0
1368,rxn00905_c0
1369,rxn05456_c0
1370,rxn09112_c0
1371,rxn05105_c0
1372,rxn03194_c0
1373,rxn06075_c0
1374,rxn00689_c0
1375,rxn08129_c0
1376,rxn01286_c0
1377,rxn05289_c0
1378,rxn01973_c0
1379,rxn05467_c0
1380,rxn00117_c0
1381,rxn01308_c0
1382,rxn05343_c0
1383,rxn01520_c0
1384,rxn05425_c0
1385,rxn03395_c0
1386,rxn00330_c0
1387,rxn05736_c0
1388,rxn03445_c0
1389,rxn01641_c0
1390,rxn11663_c0
1391,rxn01226_c0
1392,rxn00493_c0
1393,rxn08298_c0
1394,rxn03442_c0
1395,rxn00560_c0
1396,rxn01834_c0
1397,rxn00293_c0
1398,rxn05383_c0
1399,rxn10196_c0
1400,rxn00839_c0
1401,rxn03838_c0
1402,rxn04732_c0
1403,rxn10094_c0
1404,rxn02304_c0
1405,rxn00851_c0
1406,rxn10265_c0
1407,rxn10266_c0
1408,rxn05390_c0
1409,rxn00440_c0
1410,rxn08713_c0
1411,rxn05365_c0
1412,rxn05402_c0
1413,rxn10215_c0
1414,rxn05148_c0
1415,rxn12664_c0
1416,rxn02831_c0
1417,rxn05039_c0
1418,rxn03164_c0
1419,rxn12225_c0
1420,rxn03919_c0
1421,rxn03397_c0
1422,rxn02774_c0
1423,rxn08710_c0
1424,rxn01117_c0
1425,rxn09128_c0
1426,rxn08619_c0
1427,rxn05381_c0
1428,rxn08620_c0
1429,rxn12008_c0
1430,rxn05361_c0
1431,rxn05398_c0
1432,rxn09436_c0
1433,rxn03439_c0
1434,rxn09163_c0
1435,rxn02286_c0
1436,rxn09225_c0
1437,rxn03511_c0
1438,rxn10626_c0
1439,rxn03916_c0
1440,rxn04139_c0
1441,rxn00056_c0
1442,rxn08333_c0
1443,rxn05293_c0
1444,rxn08583_c0
1445,rxn08708_c0
1446,rxn05373_c0
1447,rxn10473_c0
1448,rxn06848_c0
1449,rxn05394_c0
1450,rxn05386_c0
1451,rxn05377_c0
1452,rxn10214_c0
1453,rxn05267_c0
1454,rxn02056_c0
1455,rxn08712_c0
1456,rxn03918_c0
1457,rxn13661_c0
1458,rxn03917_c0
1459,rxn05369_c0
1460,rxn02269_c0
1461,rxn08709_c0
1462,rxn03182_c0
1463,rxn05255_c0
1464,rxn05406_c0
1465,rxn12224_c0
1466,bio1
1467,EX_cpd00067_e0
1468,EX_cpd00106_e0
1469,EX_cpd00075_e0
1470,EX_cpd00036_e0
1471,EX_cpd11576_e0
1472,EX_cpd04097_e0
1473,EX_cpd00154_e0
1474,EX_cpd11585_e0
1475,EX_cpd11582_e0
1476,EX_cpd00012_e0
1477,EX_cpd11586_e0
1478,EX_cpd01030_e0
1479,EX_cpd00129_e0
1480,EX_cpd00971_e0
1481,EX_cpd01012_e0
1482,EX_cpd00635_e0
1483,EX_cpd00276_e0
1484,EX_cpd00082_e0
1485,EX_cpd00080_e0
1486,EX_cpd00001_e0
1487,EX_cpd15560_e0
1488,EX_cpd15561_e0
1489,EX_cpd00063_e0
1490,EX_cpd00058_e0
1491,EX_cpd00107_e0
1492,EX_cpd00314_e0
1493,EX_cpd01017_e0
1494,EX_cpd00013_e0
1495,EX_cpd11578_e0
1496,EX_cpd00308_e0
1497,EX_cpd00179_e0
1498,EX_cpd00355_e0
1499,EX_cpd00100_e0
1500,EX_cpd11591_e0
1501,EX_cpd00009_e0
1502,EX_cpd00281_e0
1503,EX_cpd00060_e0
1504,EX_cpd00034_e0
1505,EX_cpd10516_e0
1506,EX_cpd00214_e0
1507,EX_cpd00119_e0
1508,EX_cpd11593_e0
1509,EX_cpd00076_e0
1510,EX_cpd00322_e0
1511,EX_cpd11579_e0
1512,EX_cpd01171_e0
1513,EX_cpd00210_e0
1514,EX_cpd15302_c0
1515,EX_cpd15605_e0
1516,EX_cpd00264_e0
1517,EX_cpd00054_e0
1518,EX_cpd00637_e0
1519,EX_cpd00122_e0
1520,EX_cpd15603_e0
1521,EX_cpd03696_e0
1522,EX_cpd00118_e0
1523,EX_cpd00164_e0
1524,EX_cpd00309_e0
1525,EX_cpd11580_e0
1526,EX_cpd01092_e0
1527,EX_cpd01262_e0
1528,EX_cpd00137_e0
1529,EX_cpd00588_e0
1530,EX_cpd00280_e0
1531,EX_cpd00307_e0
1532,EX_cpd00041_e0
1533,EX_cpd00653_e0
1534,EX_cpd00254_e0
1535,EX_cpd00205_e0
1536,EX_cpd00138_e0
1537,EX_cpd02701_c0
1538,EX_cpd00305_e0
1539,EX_cpd01242_e0
1540,EX_cpd01048_e0
1541,EX_cpd00023_e0
1542,EX_cpd03048_e0
1543,EX_cpd11596_e0
1544,EX_cpd00065_e0
1545,EX_cpd15606_e0
1546,EX_cpd00048_e0
1547,EX_cpd03847_e0
1548,EX_cpd00030_e0
1549,EX_cpd00149_e0
1550,EX_cpd01914_e0
1551,EX_cpd00024_e0
1552,EX_cpd00531_e0
1553,EX_cpd11583_e0
1554,EX_cpd00162_e0
1555,EX_cpd00395_e0
1556,EX_cpd11589_e0
1557,EX_cpd00027_e0
1558,EX_cpd03725_e0
1559,EX_cpd00209_e0
1560,EX_cpd11575_e0
1561,EX_cpd00794_e0
1562,EX_cpd00105_e0
1563,EX_cpd00226_e0
1564,EX_cpd09878_e0
1565,EX_cpd11588_e0
1566,EX_cpd00268_e0
1567,EX_cpd01329_e0
1568,EX_cpd15604_e0
1569,EX_cpd00069_e0
1570,EX_cpd00007_e0
1571,EX_cpd00098_e0
1572,EX_cpd11592_e0
1573,EX_cpd00156_e0
1574,EX_cpd08023_e0
1575,EX_cpd11587_e0
1576,EX_cpd00092_e0
1577,EX_cpd04098_e0
1578,EX_cpd00053_e0
1579,EX_cpd11590_e0
1580,EX_cpd11581_e0
1581,EX_cpd01080_e0
1582,EX_cpd11584_e0
1583,EX_cpd00066_e0
1584,EX_cpd00130_e0
1585,EX_cpd00039_e0
1586,EX_cpd00011_e0
1587,EX_cpd11416_c0
1588,EX_cpd00028_e0
1589,EX_cpd11606_e0
1590,EX_cpd00099_e0
1591,EX_cpd00393_e0